build-and-release	Set up job	?2026-07-24T14:58:27.8641380Z Current runner version: '2.335.1'
build-and-release	Set up job	2026-07-24T14:58:27.8661300Z ##[group]Runner Image Provisioner
build-and-release	Set up job	2026-07-24T14:58:27.8661980Z Hosted Compute Agent
build-and-release	Set up job	2026-07-24T14:58:27.8662350Z Version: 20260707.563
build-and-release	Set up job	2026-07-24T14:58:27.8662750Z Commit: 02667638d2b423fbc733a8e32a88b44996a3ba6e
build-and-release	Set up job	2026-07-24T14:58:27.8663230Z Build Date: 2026-07-07T19:33:50Z
build-and-release	Set up job	2026-07-24T14:58:27.8663730Z Worker ID: {dd23898c-9b33-4d23-ad12-1d79c6d6772d}
build-and-release	Set up job	2026-07-24T14:58:27.8664210Z Azure Region: westus
build-and-release	Set up job	2026-07-24T14:58:27.8664620Z ##[endgroup]
build-and-release	Set up job	2026-07-24T14:58:27.8665750Z ##[group]Operating System
build-and-release	Set up job	2026-07-24T14:58:27.8666160Z macOS
build-and-release	Set up job	2026-07-24T14:58:27.8666510Z 26.4
build-and-release	Set up job	2026-07-24T14:58:27.8666830Z 25E246
build-and-release	Set up job	2026-07-24T14:58:27.8667160Z ##[endgroup]
build-and-release	Set up job	2026-07-24T14:58:27.8667520Z ##[group]Runner Image
build-and-release	Set up job	2026-07-24T14:58:27.8667900Z Image: macos-26-arm64
build-and-release	Set up job	2026-07-24T14:58:27.8668250Z Version: 20260715.0248.1
build-and-release	Set up job	2026-07-24T14:58:27.8668980Z Included Software: https://github.com/actions/runner-images/blob/macos-26-arm64/20260715.0248/images/macos/macos-26-arm64-Readme.md
build-and-release	Set up job	2026-07-24T14:58:27.8670160Z Image Release: https://github.com/actions/runner-images/releases/tag/macos-26-arm64%2F20260715.0248
build-and-release	Set up job	2026-07-24T14:58:27.8670810Z ##[endgroup]
build-and-release	Set up job	2026-07-24T14:58:27.8671560Z ##[group]GITHUB_TOKEN Permissions
build-and-release	Set up job	2026-07-24T14:58:27.8672900Z Contents: write
build-and-release	Set up job	2026-07-24T14:58:27.8673260Z Metadata: read
build-and-release	Set up job	2026-07-24T14:58:27.8673600Z ##[endgroup]
build-and-release	Set up job	2026-07-24T14:58:27.8675170Z Secret source: Actions
build-and-release	Set up job	2026-07-24T14:58:27.8675660Z Prepare workflow directory
build-and-release	Set up job	2026-07-24T14:58:27.9026290Z Prepare all required actions
build-and-release	Set up job	2026-07-24T14:58:27.9055020Z Getting action download info
build-and-release	Set up job	2026-07-24T14:58:28.1415020Z Download action repository 'actions/checkout@v4' (SHA:11d5960a326750d5838078e36cf38b85af677262)
build-and-release	Set up job	2026-07-24T14:58:29.0490070Z Complete job name: build-and-release
build-and-release	Checkout repository	?2026-07-24T14:58:29.1050320Z Node 20 is being deprecated. This workflow is running with Node 24 by default. If you need to temporarily use Node 20, you can set the ACTIONS_ALLOW_USE_UNSECURE_NODE_VERSION=true environment variable. For more information see: https://github.blog/changelog/2025-09-19-deprecation-of-node-20-on-github-actions-runners/
build-and-release	Checkout repository	2026-07-24T14:58:29.1057310Z ##[group]Run actions/checkout@v4
build-and-release	Checkout repository	2026-07-24T14:58:29.1057800Z with:
build-and-release	Checkout repository	2026-07-24T14:58:29.1058110Z   fetch-depth: 0
build-and-release	Checkout repository	2026-07-24T14:58:29.1058450Z   repository: JHCWColin/glance-HUD
build-and-release	Checkout repository	2026-07-24T14:58:29.1061160Z   token: ***
build-and-release	Checkout repository	2026-07-24T14:58:29.1061480Z   ssh-strict: true
build-and-release	Checkout repository	2026-07-24T14:58:29.1061790Z   ssh-user: git
build-and-release	Checkout repository	2026-07-24T14:58:29.1062120Z   persist-credentials: true
build-and-release	Checkout repository	2026-07-24T14:58:29.1062460Z   clean: true
build-and-release	Checkout repository	2026-07-24T14:58:29.1062790Z   sparse-checkout-cone-mode: true
build-and-release	Checkout repository	2026-07-24T14:58:29.1063170Z   fetch-tags: false
build-and-release	Checkout repository	2026-07-24T14:58:29.1063500Z   show-progress: true
build-and-release	Checkout repository	2026-07-24T14:58:29.1063830Z   lfs: false
build-and-release	Checkout repository	2026-07-24T14:58:29.1064140Z   submodules: false
build-and-release	Checkout repository	2026-07-24T14:58:29.1064520Z   set-safe-directory: true
build-and-release	Checkout repository	2026-07-24T14:58:29.1064890Z   allow-unsafe-pr-checkout: false
build-and-release	Checkout repository	2026-07-24T14:58:29.1065400Z env:
build-and-release	Checkout repository	2026-07-24T14:58:29.1065730Z   PROJECT_PATH: HUDApp.xcodeproj
build-and-release	Checkout repository	2026-07-24T14:58:29.1066100Z   SCHEME: HUDApp
build-and-release	Checkout repository	2026-07-24T14:58:29.1066430Z   CONFIGURATION: Release
build-and-release	Checkout repository	2026-07-24T14:58:29.1068890Z   GH_TOKEN: ***
build-and-release	Checkout repository	2026-07-24T14:58:29.1069200Z ##[endgroup]
build-and-release	Checkout repository	2026-07-24T14:58:29.4929900Z Syncing repository: JHCWColin/glance-HUD
build-and-release	Checkout repository	2026-07-24T14:58:29.4932270Z ##[group]Getting Git version info
build-and-release	Checkout repository	2026-07-24T14:58:29.4933160Z Working directory is '/Users/runner/work/glance-HUD/glance-HUD'
build-and-release	Checkout repository	2026-07-24T14:58:29.4934410Z [command]/opt/homebrew/bin/git version
build-and-release	Checkout repository	2026-07-24T14:58:29.5174050Z git version 2.55.0
build-and-release	Checkout repository	2026-07-24T14:58:29.5188960Z ##[endgroup]
build-and-release	Checkout repository	2026-07-24T14:58:29.5195940Z Copying '/Users/runner/.gitconfig' to '/Users/runner/work/_temp/0c12cc73-e11a-4620-96b4-f70de0af0cdd/.gitconfig'
build-and-release	Checkout repository	2026-07-24T14:58:29.5202160Z Temporarily overriding HOME='/Users/runner/work/_temp/0c12cc73-e11a-4620-96b4-f70de0af0cdd' before making global git config changes
build-and-release	Checkout repository	2026-07-24T14:58:29.5203310Z Adding repository directory to the temporary git global config as a safe directory
build-and-release	Checkout repository	2026-07-24T14:58:29.5205430Z [command]/opt/homebrew/bin/git config --global --add safe.directory /Users/runner/work/glance-HUD/glance-HUD
build-and-release	Checkout repository	2026-07-24T14:58:29.5306750Z Deleting the contents of '/Users/runner/work/glance-HUD/glance-HUD'
build-and-release	Checkout repository	2026-07-24T14:58:29.5309330Z ##[group]Initializing the repository
build-and-release	Checkout repository	2026-07-24T14:58:29.5313260Z [command]/opt/homebrew/bin/git init /Users/runner/work/glance-HUD/glance-HUD
build-and-release	Checkout repository	2026-07-24T14:58:29.5505020Z hint: Using 'master' as the name for the initial branch. This default branch name
build-and-release	Checkout repository	2026-07-24T14:58:29.5506040Z hint: will change to "main" in Git 3.0. To configure the initial branch name
build-and-release	Checkout repository	2026-07-24T14:58:29.5506830Z hint: to use in all of your new repositories, which will suppress this warning,
build-and-release	Checkout repository	2026-07-24T14:58:29.5507420Z hint: call:
build-and-release	Checkout repository	2026-07-24T14:58:29.5507770Z hint:
build-and-release	Checkout repository	2026-07-24T14:58:29.5508210Z hint: 	git config --global init.defaultBranch <name>
build-and-release	Checkout repository	2026-07-24T14:58:29.5508760Z hint:
build-and-release	Checkout repository	2026-07-24T14:58:29.5509230Z hint: Names commonly chosen instead of 'master' are 'main', 'trunk' and
build-and-release	Checkout repository	2026-07-24T14:58:29.5509960Z hint: 'development'. The just-created branch can be renamed via this command:
build-and-release	Checkout repository	2026-07-24T14:58:29.5510540Z hint:
build-and-release	Checkout repository	2026-07-24T14:58:29.5510890Z hint: 	git branch -m <name>
build-and-release	Checkout repository	2026-07-24T14:58:29.5511290Z hint:
build-and-release	Checkout repository	2026-07-24T14:58:29.5511810Z hint: Disable this message with "git config set advice.defaultBranchName false"
build-and-release	Checkout repository	2026-07-24T14:58:29.5512610Z Initialized empty Git repository in /Users/runner/work/glance-HUD/glance-HUD/.git/
build-and-release	Checkout repository	2026-07-24T14:58:29.5514150Z [command]/opt/homebrew/bin/git remote add origin https://github.com/JHCWColin/glance-HUD
build-and-release	Checkout repository	2026-07-24T14:58:29.5585430Z ##[endgroup]
build-and-release	Checkout repository	2026-07-24T14:58:29.5586200Z ##[group]Disabling automatic garbage collection
build-and-release	Checkout repository	2026-07-24T14:58:29.5587850Z [command]/opt/homebrew/bin/git config --local gc.auto 0
build-and-release	Checkout repository	2026-07-24T14:58:29.5644450Z ##[endgroup]
build-and-release	Checkout repository	2026-07-24T14:58:29.5645080Z ##[group]Setting up auth
build-and-release	Checkout repository	2026-07-24T14:58:29.5648960Z [command]/opt/homebrew/bin/git config --local --name-only --get-regexp core\.sshCommand
build-and-release	Checkout repository	2026-07-24T14:58:29.5705500Z [command]/opt/homebrew/bin/git submodule foreach --recursive sh -c "git config --local --name-only --get-regexp 'core\.sshCommand' && git config --local --unset-all 'core.sshCommand' || :"
build-and-release	Checkout repository	2026-07-24T14:58:29.6634500Z [command]/opt/homebrew/bin/git config --local --name-only --get-regexp http\.https\:\/\/github\.com\/\.extraheader
build-and-release	Checkout repository	2026-07-24T14:58:29.6674610Z [command]/opt/homebrew/bin/git submodule foreach --recursive sh -c "git config --local --name-only --get-regexp 'http\.https\:\/\/github\.com\/\.extraheader' && git config --local --unset-all 'http.https://github.com/.extraheader' || :"
build-and-release	Checkout repository	2026-07-24T14:58:29.7332340Z [command]/opt/homebrew/bin/git config --local --name-only --get-regexp ^includeIf\.gitdir:
build-and-release	Checkout repository	2026-07-24T14:58:29.7388300Z [command]/opt/homebrew/bin/git submodule foreach --recursive git config --local --show-origin --name-only --get-regexp remote.origin.url
build-and-release	Checkout repository	2026-07-24T14:58:29.8505850Z [command]/opt/homebrew/bin/git config --local http.https://github.com/.extraheader AUTHORIZATION: basic ***
build-and-release	Checkout repository	2026-07-24T14:58:29.8572580Z ##[endgroup]
build-and-release	Checkout repository	2026-07-24T14:58:29.8573490Z ##[group]Fetching the repository
build-and-release	Checkout repository	2026-07-24T14:58:29.8574510Z [command]/opt/homebrew/bin/git -c protocol.version=2 fetch --prune --no-recurse-submodules origin +refs/heads/*:refs/remotes/origin/* +refs/tags/*:refs/tags/*
build-and-release	Checkout repository	2026-07-24T14:58:30.6357190Z From https://github.com/JHCWColin/glance-HUD
build-and-release	Checkout repository	2026-07-24T14:58:30.6368900Z  * [new branch]      main       -> origin/main
build-and-release	Checkout repository	2026-07-24T14:58:30.6370960Z  * [new tag]         v0.1.0     -> v0.1.0
build-and-release	Checkout repository	2026-07-24T14:58:30.6372640Z  * [new tag]         v0.1.1     -> v0.1.1
build-and-release	Checkout repository	2026-07-24T14:58:30.6378350Z [command]/opt/homebrew/bin/git tag --list v0.1.1
build-and-release	Checkout repository	2026-07-24T14:58:30.6606760Z v0.1.1
build-and-release	Checkout repository	2026-07-24T14:58:30.6964260Z [command]/opt/homebrew/bin/git rev-parse refs/tags/v0.1.1
build-and-release	Checkout repository	2026-07-24T14:58:30.7000710Z 6559eb92a1e0553343c5ce393a5bc2c7f93d1bd4
build-and-release	Checkout repository	2026-07-24T14:58:30.7109150Z [command]/opt/homebrew/bin/git -c protocol.version=2 fetch --no-tags --prune --no-recurse-submodules origin +3403cf0d74420208e15e90dc3b8134969dee003b:refs/tags/v0.1.1
build-and-release	Checkout repository	2026-07-24T14:58:30.7121680Z From https://github.com/JHCWColin/glance-HUD
build-and-release	Checkout repository	2026-07-24T14:58:30.7122750Z  t [tag update]      3403cf0d74420208e15e90dc3b8134969dee003b -> v0.1.1
build-and-release	Checkout repository	2026-07-24T14:58:30.7135740Z ##[endgroup]
build-and-release	Checkout repository	2026-07-24T14:58:30.7139280Z ##[group]Determining the checkout info
build-and-release	Checkout repository	2026-07-24T14:58:30.7146050Z ##[endgroup]
build-and-release	Checkout repository	2026-07-24T14:58:30.7150140Z [command]/opt/homebrew/bin/git sparse-checkout disable
build-and-release	Checkout repository	2026-07-24T14:58:30.7269730Z [command]/opt/homebrew/bin/git config --local --unset-all extensions.worktreeConfig
build-and-release	Checkout repository	2026-07-24T14:58:30.7368280Z ##[group]Checking out the ref
build-and-release	Checkout repository	2026-07-24T14:58:30.7370460Z [command]/opt/homebrew/bin/git checkout --progress --force refs/tags/v0.1.1
build-and-release	Checkout repository	2026-07-24T14:58:30.7806350Z HEAD is now at 3403cf0 Fix macOS release packaging workflow
build-and-release	Checkout repository	2026-07-24T14:58:30.7855550Z ##[endgroup]
build-and-release	Checkout repository	2026-07-24T14:58:30.7964890Z [command]/opt/homebrew/bin/git log -1 --format=%H
build-and-release	Checkout repository	2026-07-24T14:58:30.8042160Z 3403cf0d74420208e15e90dc3b8134969dee003b
build-and-release	Resolve release metadata	?2026-07-24T14:58:30.8482070Z ##[group]Run set -euo pipefail
build-and-release	Resolve release metadata	2026-07-24T14:58:30.8483180Z ^[[36;1mset -euo pipefail^[[0m
build-and-release	Resolve release metadata	2026-07-24T14:58:30.8483990Z ^[[36;1m^[[0m
build-and-release	Resolve release metadata	2026-07-24T14:58:30.8485060Z ^[[36;1mif [ "${GITHUB_EVENT_NAME}" = "workflow_dispatch" ]; then^[[0m
build-and-release	Resolve release metadata	2026-07-24T14:58:30.8486200Z ^[[36;1m  tag=""^[[0m
build-and-release	Resolve release metadata	2026-07-24T14:58:30.8486920Z ^[[36;1m  release_name=""^[[0m
build-and-release	Resolve release metadata	2026-07-24T14:58:30.8487720Z ^[[36;1melse^[[0m
build-and-release	Resolve release metadata	2026-07-24T14:58:30.8488440Z ^[[36;1m  tag="${GITHUB_REF_NAME}"^[[0m
build-and-release	Resolve release metadata	2026-07-24T14:58:30.8489350Z ^[[36;1m  release_name=""^[[0m
build-and-release	Resolve release metadata	2026-07-24T14:58:30.8490180Z ^[[36;1mfi^[[0m
build-and-release	Resolve release metadata	2026-07-24T14:58:30.8490880Z ^[[36;1m^[[0m
build-and-release	Resolve release metadata	2026-07-24T14:58:30.8491530Z ^[[36;1mif [ -z "$tag" ]; then^[[0m
build-and-release	Resolve release metadata	2026-07-24T14:58:30.8492500Z ^[[36;1m  echo "Release tag is required." >&2^[[0m
build-and-release	Resolve release metadata	2026-07-24T14:58:30.8493710Z ^[[36;1m  exit 1^[[0m
build-and-release	Resolve release metadata	2026-07-24T14:58:30.8494740Z ^[[36;1mfi^[[0m
build-and-release	Resolve release metadata	2026-07-24T14:58:30.8495440Z ^[[36;1m^[[0m
build-and-release	Resolve release metadata	2026-07-24T14:58:30.8496150Z ^[[36;1mif [ -z "$release_name" ]; then^[[0m
build-and-release	Resolve release metadata	2026-07-24T14:58:30.8497100Z ^[[36;1m  release_name="$tag"^[[0m
build-and-release	Resolve release metadata	2026-07-24T14:58:30.8498010Z ^[[36;1mfi^[[0m
build-and-release	Resolve release metadata	2026-07-24T14:58:30.8498650Z ^[[36;1m^[[0m
build-and-release	Resolve release metadata	2026-07-24T14:58:30.8499360Z ^[[36;1mecho "tag=$tag" >> "$GITHUB_OUTPUT"^[[0m
build-and-release	Resolve release metadata	2026-07-24T14:58:30.8500570Z ^[[36;1mecho "release_name=$release_name" >> "$GITHUB_OUTPUT"^[[0m
build-and-release	Resolve release metadata	2026-07-24T14:58:30.8556980Z shell: /bin/bash --noprofile --norc -e -o pipefail {0}
build-and-release	Resolve release metadata	2026-07-24T14:58:30.8558130Z env:
build-and-release	Resolve release metadata	2026-07-24T14:58:30.8558810Z   PROJECT_PATH: HUDApp.xcodeproj
build-and-release	Resolve release metadata	2026-07-24T14:58:30.8559630Z   SCHEME: HUDApp
build-and-release	Resolve release metadata	2026-07-24T14:58:30.8560290Z   CONFIGURATION: Release
build-and-release	Resolve release metadata	2026-07-24T14:58:30.8568280Z   GH_TOKEN: ***
build-and-release	Resolve release metadata	2026-07-24T14:58:30.8568990Z ##[endgroup]
build-and-release	Make packaging script executable	?2026-07-24T14:58:30.9213620Z ##[group]Run chmod +x scripts/package_ios_artifacts.sh
build-and-release	Make packaging script executable	2026-07-24T14:58:30.9214860Z ^[[36;1mchmod +x scripts/package_ios_artifacts.sh^[[0m
build-and-release	Make packaging script executable	2026-07-24T14:58:30.9270380Z shell: /bin/bash -e {0}
build-and-release	Make packaging script executable	2026-07-24T14:58:30.9271200Z env:
build-and-release	Make packaging script executable	2026-07-24T14:58:30.9271970Z   PROJECT_PATH: HUDApp.xcodeproj
build-and-release	Make packaging script executable	2026-07-24T14:58:30.9272900Z   SCHEME: HUDApp
build-and-release	Make packaging script executable	2026-07-24T14:58:30.9273740Z   CONFIGURATION: Release
build-and-release	Make packaging script executable	2026-07-24T14:58:30.9282080Z   GH_TOKEN: ***
build-and-release	Make packaging script executable	2026-07-24T14:58:30.9282950Z ##[endgroup]
build-and-release	Build simulator and unsigned device artifacts	?2026-07-24T14:58:30.9994400Z ##[group]Run bash scripts/package_ios_artifacts.sh
build-and-release	Build simulator and unsigned device artifacts	2026-07-24T14:58:30.9995570Z ^[[36;1mbash scripts/package_ios_artifacts.sh^[[0m
build-and-release	Build simulator and unsigned device artifacts	2026-07-24T14:58:31.0035350Z shell: /bin/bash --noprofile --norc -e -o pipefail {0}
build-and-release	Build simulator and unsigned device artifacts	2026-07-24T14:58:31.0036450Z env:
build-and-release	Build simulator and unsigned device artifacts	2026-07-24T14:58:31.0037110Z   PROJECT_PATH: HUDApp.xcodeproj
build-and-release	Build simulator and unsigned device artifacts	2026-07-24T14:58:31.0037850Z   SCHEME: HUDApp
build-and-release	Build simulator and unsigned device artifacts	2026-07-24T14:58:31.0038520Z   CONFIGURATION: Release
build-and-release	Build simulator and unsigned device artifacts	2026-07-24T14:58:31.0047120Z   GH_TOKEN: ***
build-and-release	Build simulator and unsigned device artifacts	2026-07-24T14:58:31.0047870Z ##[endgroup]
build-and-release	Build simulator and unsigned device artifacts	2026-07-24T14:58:31.1460650Z Using Xcode from: /Applications/Xcode_26.6.app/Contents/Developer
build-and-release	Build simulator and unsigned device artifacts	2026-07-24T14:58:33.4310180Z Xcode 26.6
build-and-release	Build simulator and unsigned device artifacts	2026-07-24T14:58:33.4311960Z Build version 17F113
build-and-release	Build simulator and unsigned device artifacts	2026-07-24T14:58:35.0838580Z Command line invocation:
build-and-release	Build simulator and unsigned device artifacts	2026-07-24T14:58:35.1003410Z     /Applications/Xcode_26.6.app/Contents/Developer/usr/bin/xcodebuild -project HUDApp.xcodeproj -scheme HUDApp -configuration Release -sdk iphonesimulator -destination "generic/platform=iOS Simulator" -derivedDataPath /Users/runner/work/glance-HUD/glance-HUD/.build/DerivedData/simulator CODE_SIGNING_ALLOWED=NO clean build
build-and-release	Build simulator and unsigned device artifacts	2026-07-24T14:58:35.1465200Z 
build-and-release	Build simulator and unsigned device artifacts	2026-07-24T14:58:35.1465730Z Build settings from command line:
build-and-release	Build simulator and unsigned device artifacts	2026-07-24T14:58:35.1466120Z     CODE_SIGNING_ALLOWED = NO
build-and-release	Build simulator and unsigned device artifacts	2026-07-24T14:58:35.1466360Z     SDKROOT = iphonesimulator26.5
build-and-release	Build simulator and unsigned device artifacts	2026-07-24T14:58:35.1466710Z 
build-and-release	Build simulator and unsigned device artifacts	2026-07-24T14:58:43.5531900Z CreateBuildRequest
build-and-release	Build simulator and unsigned device artifacts	2026-07-24T14:58:43.5633540Z 
build-and-release	Build simulator and unsigned device artifacts	2026-07-24T14:58:43.5734770Z SendProjectDescription
build-and-release	Build simulator and unsigned device artifacts	2026-07-24T14:58:43.5841620Z 
build-and-release	Build simulator and unsigned device artifacts	2026-07-24T14:58:43.5971890Z CreateBuildOperation
build-and-release	Build simulator and unsigned device artifacts	2026-07-24T14:58:43.6072810Z 
build-and-release	Build simulator and unsigned device artifacts	2026-07-24T14:58:43.6254990Z ** CLEAN SUCCEEDED **
build-and-release	Build simulator and unsigned device artifacts	2026-07-24T14:58:43.6355980Z 
build-and-release	Build simulator and unsigned device artifacts	2026-07-24T14:58:43.7095360Z ComputePackagePrebuildTargetDependencyGraph
build-and-release	Build simulator and unsigned device artifacts	2026-07-24T14:58:43.7200150Z 
build-and-release	Build simulator and unsigned device artifacts	2026-07-24T14:58:43.7316630Z Prepare packages
build-and-release	Build simulator and unsigned device artifacts	2026-07-24T14:58:43.7427140Z 
build-and-release	Build simulator and unsigned device artifacts	2026-07-24T14:58:43.7545910Z CreateBuildRequest
build-and-release	Build simulator and unsigned device artifacts	2026-07-24T14:58:43.7667290Z 
build-and-release	Build simulator and unsigned device artifacts	2026-07-24T14:58:43.7774070Z SendProjectDescription
build-and-release	Build simulator and unsigned device artifacts	2026-07-24T14:58:43.7894010Z 
build-and-release	Build simulator and unsigned device artifacts	2026-07-24T14:58:43.7997290Z CreateBuildOperation
build-and-release	Build simulator and unsigned device artifacts	2026-07-24T14:58:43.8150150Z 
build-and-release	Build simulator and unsigned device artifacts	2026-07-24T14:58:43.8551930Z ComputeTargetDependencyGraph
build-and-release	Build simulator and unsigned device artifacts	2026-07-24T14:58:43.8688640Z note: Building targets in dependency order
build-and-release	Build simulator and unsigned device artifacts	2026-07-24T14:58:43.8820750Z note: Target dependency graph (1 target)
build-and-release	Build simulator and unsigned device artifacts	2026-07-24T14:58:43.8954120Z     Target 'HUDApp' in project 'HUDApp' (no dependencies)
build-and-release	Build simulator and unsigned device artifacts	2026-07-24T14:58:43.9073320Z 
build-and-release	Build simulator and unsigned device artifacts	2026-07-24T14:58:43.9304040Z GatherProvisioningInputs
build-and-release	Build simulator and unsigned device artifacts	2026-07-24T14:58:43.9381080Z 
build-and-release	Build simulator and unsigned device artifacts	2026-07-24T14:58:43.9431970Z CreateBuildDescription
build-and-release	Build simulator and unsigned device artifacts	2026-07-24T14:58:43.9432490Z 
build-and-release	Build simulator and unsigned device artifacts	2026-07-24T14:58:43.9434290Z ExecuteExternalTool /Applications/Xcode_26.6.app/Contents/Developer/usr/bin/actool --print-asset-tag-combinations --output-format xml1 /Users/runner/work/glance-HUD/glance-HUD/HUDApp/Assets.xcassets
build-and-release	Build simulator and unsigned device artifacts	2026-07-24T14:58:46.5779920Z 
build-and-release	Build simulator and unsigned device artifacts	2026-07-24T14:58:46.5886530Z ExecuteExternalTool /Applications/Xcode_26.6.app/Contents/Developer/Toolchains/XcodeDefault.xctoolchain/usr/bin/clang -v -E -dM -isysroot /Applications/Xcode_26.6.app/Contents/Developer/Platforms/iPhoneSimulator.platform/Developer/SDKs/iPhoneSimulator26.5.sdk -x c -c /dev/null
build-and-release	Build simulator and unsigned device artifacts	2026-07-24T14:58:46.5988370Z 
build-and-release	Build simulator and unsigned device artifacts	2026-07-24T14:58:46.6049920Z ExecuteExternalTool /Applications/Xcode_26.6.app/Contents/Developer/usr/bin/actool --version --output-format xml1
build-and-release	Build simulator and unsigned device artifacts	2026-07-24T14:58:46.6051100Z 
build-and-release	Build simulator and unsigned device artifacts	2026-07-24T14:58:46.6051730Z ExecuteExternalTool /Applications/Xcode_26.6.app/Contents/Developer/Toolchains/XcodeDefault.xctoolchain/usr/bin/swiftc --version
build-and-release	Build simulator and unsigned device artifacts	2026-07-24T14:58:47.6321080Z 
build-and-release	Build simulator and unsigned device artifacts	2026-07-24T14:58:47.6504210Z ExecuteExternalTool /Applications/Xcode_26.6.app/Contents/Developer/Toolchains/XcodeDefault.xctoolchain/usr/bin/ld -version_details
build-and-release	Build simulator and unsigned device artifacts	2026-07-24T14:58:47.8922550Z 
build-and-release	Build simulator and unsigned device artifacts	2026-07-24T14:58:47.9165050Z Build description signature: fdf4605893c0b09a4e391260f43588dd
build-and-release	Build simulator and unsigned device artifacts	2026-07-24T14:58:47.9189210Z Build description path: /Users/runner/work/glance-HUD/glance-HUD/.build/DerivedData/simulator/Build/Intermediates.noindex/XCBuildData/fdf4605893c0b09a4e391260f43588dd.xcbuilddata
build-and-release	Build simulator and unsigned device artifacts	2026-07-24T14:58:47.9545070Z CreateBuildDirectory /Users/runner/work/glance-HUD/glance-HUD/.build/DerivedData/simulator/Build/Products
build-and-release	Build simulator and unsigned device artifacts	2026-07-24T14:58:47.9653580Z     cd /Users/runner/work/glance-HUD/glance-HUD/HUDApp.xcodeproj
build-and-release	Build simulator and unsigned device artifacts	2026-07-24T14:58:47.9756470Z     builtin-create-build-directory /Users/runner/work/glance-HUD/glance-HUD/.build/DerivedData/simulator/Build/Products
build-and-release	Build simulator and unsigned device artifacts	2026-07-24T14:58:47.9880660Z 
build-and-release	Build simulator and unsigned device artifacts	2026-07-24T14:58:47.9983300Z CreateBuildDirectory /Users/runner/work/glance-HUD/glance-HUD/.build/DerivedData/simulator/Build/Intermediates.noindex
build-and-release	Build simulator and unsigned device artifacts	2026-07-24T14:58:48.0101960Z     cd /Users/runner/work/glance-HUD/glance-HUD/HUDApp.xcodeproj
build-and-release	Build simulator and unsigned device artifacts	2026-07-24T14:58:48.0204210Z     builtin-create-build-directory /Users/runner/work/glance-HUD/glance-HUD/.build/DerivedData/simulator/Build/Intermediates.noindex
build-and-release	Build simulator and unsigned device artifacts	2026-07-24T14:58:48.0305400Z 
build-and-release	Build simulator and unsigned device artifacts	2026-07-24T14:58:48.0417930Z ClangStatCache /Applications/Xcode_26.6.app/Contents/Developer/Toolchains/XcodeDefault.xctoolchain/usr/bin/clang-stat-cache /Applications/Xcode_26.6.app/Contents/Developer/Platforms/iPhoneSimulator.platform/Developer/SDKs/iPhoneSimulator26.5.sdk /Users/runner/work/glance-HUD/glance-HUD/.build/DerivedData/simulator/SDKStatCaches.noindex/iphonesimulator26.5-23F81a-688ef53f1462e2c8f657fdc38a81448ff45c64a1807a658693f2a61704f17a36.sdkstatcache
build-and-release	Build simulator and unsigned device artifacts	2026-07-24T14:58:48.0455400Z     cd /Users/runner/work/glance-HUD/glance-HUD/HUDApp.xcodeproj
build-and-release	Build simulator and unsigned device artifacts	2026-07-24T14:58:48.0457160Z     /Applications/Xcode_26.6.app/Contents/Developer/Toolchains/XcodeDefault.xctoolchain/usr/bin/clang-stat-cache /Applications/Xcode_26.6.app/Contents/Developer/Platforms/iPhoneSimulator.platform/Developer/SDKs/iPhoneSimulator26.5.sdk -o /Users/runner/work/glance-HUD/glance-HUD/.build/DerivedData/simulator/SDKStatCaches.noindex/iphonesimulator26.5-23F81a-688ef53f1462e2c8f657fdc38a81448ff45c64a1807a658693f2a61704f17a36.sdkstatcache
build-and-release	Build simulator and unsigned device artifacts	2026-07-24T14:58:50.1623470Z 
build-and-release	Build simulator and unsigned device artifacts	2026-07-24T14:58:50.1757550Z CreateBuildDirectory /Users/runner/work/glance-HUD/glance-HUD/.build/DerivedData/simulator/Build/Products/Release-iphonesimulator
build-and-release	Build simulator and unsigned device artifacts	2026-07-24T14:58:50.1878410Z     cd /Users/runner/work/glance-HUD/glance-HUD/HUDApp.xcodeproj
build-and-release	Build simulator and unsigned device artifacts	2026-07-24T14:58:50.2015650Z     builtin-create-build-directory /Users/runner/work/glance-HUD/glance-HUD/.build/DerivedData/simulator/Build/Products/Release-iphonesimulator
build-and-release	Build simulator and unsigned device artifacts	2026-07-24T14:58:50.2123110Z 
build-and-release	Build simulator and unsigned device artifacts	2026-07-24T14:58:50.2236830Z WriteAuxiliaryFile /Users/runner/work/glance-HUD/glance-HUD/.build/DerivedData/simulator/Build/Intermediates.noindex/HUDApp.build/Release-iphonesimulator/HUDApp-78614cde8d06d7f7e641647b19d565f9-VFS-iphonesimulator/all-product-headers.yaml
build-and-release	Build simulator and unsigned device artifacts	2026-07-24T14:58:50.2345830Z     cd /Users/runner/work/glance-HUD/glance-HUD/HUDApp.xcodeproj
build-and-release	Build simulator and unsigned device artifacts	2026-07-24T14:58:50.2448130Z     write-file /Users/runner/work/glance-HUD/glance-HUD/.build/DerivedData/simulator/Build/Intermediates.noindex/HUDApp.build/Release-iphonesimulator/HUDApp-78614cde8d06d7f7e641647b19d565f9-VFS-iphonesimulator/all-product-headers.yaml
build-and-release	Build simulator and unsigned device artifacts	2026-07-24T14:58:50.2554160Z 
build-and-release	Build simulator and unsigned device artifacts	2026-07-24T14:58:50.2665950Z CreateBuildDirectory /Users/runner/work/glance-HUD/glance-HUD/.build/DerivedData/simulator/Build/Intermediates.noindex/SwiftExplicitPrecompiledModules
build-and-release	Build simulator and unsigned device artifacts	2026-07-24T14:58:50.2768660Z     cd /Users/runner/work/glance-HUD/glance-HUD/HUDApp.xcodeproj
build-and-release	Build simulator and unsigned device artifacts	2026-07-24T14:58:50.2804250Z     builtin-create-build-directory /Users/runner/work/glance-HUD/glance-HUD/.build/DerivedData/simulator/Build/Intermediates.noindex/SwiftExplicitPrecompiledModules
build-and-release	Build simulator and unsigned device artifacts	2026-07-24T14:58:50.2821060Z 
build-and-release	Build simulator and unsigned device artifacts	2026-07-24T14:58:50.2821730Z CreateBuildDirectory /Users/runner/work/glance-HUD/glance-HUD/.build/DerivedData/simulator/Build/Intermediates.noindex/ExplicitPrecompiledModules
build-and-release	Build simulator and unsigned device artifacts	2026-07-24T14:58:50.2825390Z     cd /Users/runner/work/glance-HUD/glance-HUD/HUDApp.xcodeproj
build-and-release	Build simulator and unsigned device artifacts	2026-07-24T14:58:50.2830840Z     builtin-create-build-directory /Users/runner/work/glance-HUD/glance-HUD/.build/DerivedData/simulator/Build/Intermediates.noindex/ExplicitPrecompiledModules
build-and-release	Build simulator and unsigned device artifacts	2026-07-24T14:58:50.2832720Z 
build-and-release	Build simulator and unsigned device artifacts	2026-07-24T14:58:50.2834260Z CreateBuildDirectory /Users/runner/work/glance-HUD/glance-HUD/.build/DerivedData/simulator/Build/Intermediates.noindex/EagerLinkingTBDs/Release-iphonesimulator
build-and-release	Build simulator and unsigned device artifacts	2026-07-24T14:58:50.2838340Z     cd /Users/runner/work/glance-HUD/glance-HUD/HUDApp.xcodeproj
build-and-release	Build simulator and unsigned device artifacts	2026-07-24T14:58:50.2839340Z     builtin-create-build-directory /Users/runner/work/glance-HUD/glance-HUD/.build/DerivedData/simulator/Build/Intermediates.noindex/EagerLinkingTBDs/Release-iphonesimulator
build-and-release	Build simulator and unsigned device artifacts	2026-07-24T14:58:50.2860240Z 
build-and-release	Build simulator and unsigned device artifacts	2026-07-24T14:58:50.2863290Z WriteAuxiliaryFile /Users/runner/work/glance-HUD/glance-HUD/.build/DerivedData/simulator/Build/Intermediates.noindex/HUDApp.build/Release-iphonesimulator/HUDApp.build/Objects-normal/x86_64/HUDApp_const_extract_protocols.json (in target 'HUDApp' from project 'HUDApp')
build-and-release	Build simulator and unsigned device artifacts	2026-07-24T14:58:50.2880940Z     cd /Users/runner/work/glance-HUD/glance-HUD
build-and-release	Build simulator and unsigned device artifacts	2026-07-24T14:58:50.2881970Z     write-file /Users/runner/work/glance-HUD/glance-HUD/.build/DerivedData/simulator/Build/Intermediates.noindex/HUDApp.build/Release-iphonesimulator/HUDApp.build/Objects-normal/x86_64/HUDApp_const_extract_protocols.json
build-and-release	Build simulator and unsigned device artifacts	2026-07-24T14:58:50.2884400Z 
build-and-release	Build simulator and unsigned device artifacts	2026-07-24T14:58:50.2888670Z WriteAuxiliaryFile /Users/runner/work/glance-HUD/glance-HUD/.build/DerivedData/simulator/Build/Intermediates.noindex/HUDApp.build/Release-iphonesimulator/HUDApp.build/Objects-normal/x86_64/HUDApp.SwiftFileList (in target 'HUDApp' from project 'HUDApp')
build-and-release	Build simulator and unsigned device artifacts	2026-07-24T14:58:50.2891520Z     cd /Users/runner/work/glance-HUD/glance-HUD
build-and-release	Build simulator and unsigned device artifacts	2026-07-24T14:58:50.2895460Z     write-file /Users/runner/work/glance-HUD/glance-HUD/.build/DerivedData/simulator/Build/Intermediates.noindex/HUDApp.build/Release-iphonesimulator/HUDApp.build/Objects-normal/x86_64/HUDApp.SwiftFileList
build-and-release	Build simulator and unsigned device artifacts	2026-07-24T14:58:50.2899530Z 
build-and-release	Build simulator and unsigned device artifacts	2026-07-24T14:58:50.2900370Z WriteAuxiliaryFile /Users/runner/work/glance-HUD/glance-HUD/.build/DerivedData/simulator/Build/Intermediates.noindex/HUDApp.build/Release-iphonesimulator/HUDApp.build/Objects-normal/x86_64/HUDApp.SwiftConstValuesFileList (in target 'HUDApp' from project 'HUDApp')
build-and-release	Build simulator and unsigned device artifacts	2026-07-24T14:58:50.2901520Z     cd /Users/runner/work/glance-HUD/glance-HUD
build-and-release	Build simulator and unsigned device artifacts	2026-07-24T14:58:50.2903370Z     write-file /Users/runner/work/glance-HUD/glance-HUD/.build/DerivedData/simulator/Build/Intermediates.noindex/HUDApp.build/Release-iphonesimulator/HUDApp.build/Objects-normal/x86_64/HUDApp.SwiftConstValuesFileList
build-and-release	Build simulator and unsigned device artifacts	2026-07-24T14:58:50.2904260Z 
build-and-release	Build simulator and unsigned device artifacts	2026-07-24T14:58:50.2905130Z WriteAuxiliaryFile /Users/runner/work/glance-HUD/glance-HUD/.build/DerivedData/simulator/Build/Intermediates.noindex/HUDApp.build/Release-iphonesimulator/HUDApp.build/Objects-normal/x86_64/HUDApp.LinkFileList (in target 'HUDApp' from project 'HUDApp')
build-and-release	Build simulator and unsigned device artifacts	2026-07-24T14:58:50.2906210Z     cd /Users/runner/work/glance-HUD/glance-HUD
build-and-release	Build simulator and unsigned device artifacts	2026-07-24T14:58:50.2907410Z     write-file /Users/runner/work/glance-HUD/glance-HUD/.build/DerivedData/simulator/Build/Intermediates.noindex/HUDApp.build/Release-iphonesimulator/HUDApp.build/Objects-normal/x86_64/HUDApp.LinkFileList
build-and-release	Build simulator and unsigned device artifacts	2026-07-24T14:58:50.2908220Z 
build-and-release	Build simulator and unsigned device artifacts	2026-07-24T14:58:50.2909080Z WriteAuxiliaryFile /Users/runner/work/glance-HUD/glance-HUD/.build/DerivedData/simulator/Build/Intermediates.noindex/HUDApp.build/Release-iphonesimulator/HUDApp.build/Objects-normal/x86_64/HUDApp-OutputFileMap.json (in target 'HUDApp' from project 'HUDApp')
build-and-release	Build simulator and unsigned device artifacts	2026-07-24T14:58:50.2910190Z     cd /Users/runner/work/glance-HUD/glance-HUD
build-and-release	Build simulator and unsigned device artifacts	2026-07-24T14:58:50.2911080Z     write-file /Users/runner/work/glance-HUD/glance-HUD/.build/DerivedData/simulator/Build/Intermediates.noindex/HUDApp.build/Release-iphonesimulator/HUDApp.build/Objects-normal/x86_64/HUDApp-OutputFileMap.json
build-and-release	Build simulator and unsigned device artifacts	2026-07-24T14:58:50.2917810Z 
build-and-release	Build simulator and unsigned device artifacts	2026-07-24T14:58:50.2923760Z WriteAuxiliaryFile /Users/runner/work/glance-HUD/glance-HUD/.build/DerivedData/simulator/Build/Intermediates.noindex/HUDApp.build/Release-iphonesimulator/HUDApp.build/Objects-normal/arm64/HUDApp_const_extract_protocols.json (in target 'HUDApp' from project 'HUDApp')
build-and-release	Build simulator and unsigned device artifacts	2026-07-24T14:58:50.2924990Z     cd /Users/runner/work/glance-HUD/glance-HUD
build-and-release	Build simulator and unsigned device artifacts	2026-07-24T14:58:50.2927660Z     write-file /Users/runner/work/glance-HUD/glance-HUD/.build/DerivedData/simulator/Build/Intermediates.noindex/HUDApp.build/Release-iphonesimulator/HUDApp.build/Objects-normal/arm64/HUDApp_const_extract_protocols.json
build-and-release	Build simulator and unsigned device artifacts	2026-07-24T14:58:50.2930480Z 
build-and-release	Build simulator and unsigned device artifacts	2026-07-24T14:58:50.2931330Z WriteAuxiliaryFile /Users/runner/work/glance-HUD/glance-HUD/.build/DerivedData/simulator/Build/Intermediates.noindex/HUDApp.build/Release-iphonesimulator/HUDApp.build/Objects-normal/arm64/HUDApp.SwiftFileList (in target 'HUDApp' from project 'HUDApp')
build-and-release	Build simulator and unsigned device artifacts	2026-07-24T14:58:50.2933400Z     cd /Users/runner/work/glance-HUD/glance-HUD
build-and-release	Build simulator and unsigned device artifacts	2026-07-24T14:58:50.2934330Z     write-file /Users/runner/work/glance-HUD/glance-HUD/.build/DerivedData/simulator/Build/Intermediates.noindex/HUDApp.build/Release-iphonesimulator/HUDApp.build/Objects-normal/arm64/HUDApp.SwiftFileList
build-and-release	Build simulator and unsigned device artifacts	2026-07-24T14:58:50.2935130Z 
build-and-release	Build simulator and unsigned device artifacts	2026-07-24T14:58:50.2935990Z WriteAuxiliaryFile /Users/runner/work/glance-HUD/glance-HUD/.build/DerivedData/simulator/Build/Intermediates.noindex/HUDApp.build/Release-iphonesimulator/HUDApp.build/Objects-normal/arm64/HUDApp.SwiftConstValuesFileList (in target 'HUDApp' from project 'HUDApp')
build-and-release	Build simulator and unsigned device artifacts	2026-07-24T14:58:50.2940720Z     cd /Users/runner/work/glance-HUD/glance-HUD
build-and-release	Build simulator and unsigned device artifacts	2026-07-24T14:58:50.2945130Z     write-file /Users/runner/work/glance-HUD/glance-HUD/.build/DerivedData/simulator/Build/Intermediates.noindex/HUDApp.build/Release-iphonesimulator/HUDApp.build/Objects-normal/arm64/HUDApp.SwiftConstValuesFileList
build-and-release	Build simulator and unsigned device artifacts	2026-07-24T14:58:50.2946100Z 
build-and-release	Build simulator and unsigned device artifacts	2026-07-24T14:58:50.2947180Z WriteAuxiliaryFile /Users/runner/work/glance-HUD/glance-HUD/.build/DerivedData/simulator/Build/Intermediates.noindex/HUDApp.build/Release-iphonesimulator/HUDApp.build/Objects-normal/arm64/HUDApp.LinkFileList (in target 'HUDApp' from project 'HUDApp')
build-and-release	Build simulator and unsigned device artifacts	2026-07-24T14:58:50.2958880Z     cd /Users/runner/work/glance-HUD/glance-HUD
build-and-release	Build simulator and unsigned device artifacts	2026-07-24T14:58:50.2961190Z     write-file /Users/runner/work/glance-HUD/glance-HUD/.build/DerivedData/simulator/Build/Intermediates.noindex/HUDApp.build/Release-iphonesimulator/HUDApp.build/Objects-normal/arm64/HUDApp.LinkFileList
build-and-release	Build simulator and unsigned device artifacts	2026-07-24T14:58:50.2971870Z 
build-and-release	Build simulator and unsigned device artifacts	2026-07-24T14:58:50.2972830Z WriteAuxiliaryFile /Users/runner/work/glance-HUD/glance-HUD/.build/DerivedData/simulator/Build/Intermediates.noindex/HUDApp.build/Release-iphonesimulator/HUDApp.build/Objects-normal/arm64/HUDApp-OutputFileMap.json (in target 'HUDApp' from project 'HUDApp')
build-and-release	Build simulator and unsigned device artifacts	2026-07-24T14:58:50.2974010Z     cd /Users/runner/work/glance-HUD/glance-HUD
build-and-release	Build simulator and unsigned device artifacts	2026-07-24T14:58:50.2974870Z     write-file /Users/runner/work/glance-HUD/glance-HUD/.build/DerivedData/simulator/Build/Intermediates.noindex/HUDApp.build/Release-iphonesimulator/HUDApp.build/Objects-normal/arm64/HUDApp-OutputFileMap.json
build-and-release	Build simulator and unsigned device artifacts	2026-07-24T14:58:50.2975630Z 
build-and-release	Build simulator and unsigned device artifacts	2026-07-24T14:58:50.2976370Z WriteAuxiliaryFile /Users/runner/work/glance-HUD/glance-HUD/.build/DerivedData/simulator/Build/Intermediates.noindex/HUDApp.build/Release-iphonesimulator/HUDApp.build/HUDApp.hmap (in target 'HUDApp' from project 'HUDApp')
build-and-release	Build simulator and unsigned device artifacts	2026-07-24T14:58:50.2977350Z     cd /Users/runner/work/glance-HUD/glance-HUD
build-and-release	Build simulator and unsigned device artifacts	2026-07-24T14:58:50.2978100Z     write-file /Users/runner/work/glance-HUD/glance-HUD/.build/DerivedData/simulator/Build/Intermediates.noindex/HUDApp.build/Release-iphonesimulator/HUDApp.build/HUDApp.hmap
build-and-release	Build simulator and unsigned device artifacts	2026-07-24T14:58:50.2980070Z 
build-and-release	Build simulator and unsigned device artifacts	2026-07-24T14:58:50.2980990Z WriteAuxiliaryFile /Users/runner/work/glance-HUD/glance-HUD/.build/DerivedData/simulator/Build/Intermediates.noindex/HUDApp.build/Release-iphonesimulator/HUDApp.build/HUDApp.DependencyStaticMetadataFileList (in target 'HUDApp' from project 'HUDApp')
build-and-release	Build simulator and unsigned device artifacts	2026-07-24T14:58:50.2982130Z     cd /Users/runner/work/glance-HUD/glance-HUD
build-and-release	Build simulator and unsigned device artifacts	2026-07-24T14:58:50.2983010Z     write-file /Users/runner/work/glance-HUD/glance-HUD/.build/DerivedData/simulator/Build/Intermediates.noindex/HUDApp.build/Release-iphonesimulator/HUDApp.build/HUDApp.DependencyStaticMetadataFileList
build-and-release	Build simulator and unsigned device artifacts	2026-07-24T14:58:50.2983800Z 
build-and-release	Build simulator and unsigned device artifacts	2026-07-24T14:58:50.2986800Z WriteAuxiliaryFile /Users/runner/work/glance-HUD/glance-HUD/.build/DerivedData/simulator/Build/Intermediates.noindex/HUDApp.build/Release-iphonesimulator/HUDApp.build/HUDApp.DependencyMetadataFileList (in target 'HUDApp' from project 'HUDApp')
build-and-release	Build simulator and unsigned device artifacts	2026-07-24T14:58:50.2987900Z     cd /Users/runner/work/glance-HUD/glance-HUD
build-and-release	Build simulator and unsigned device artifacts	2026-07-24T14:58:50.2993420Z     write-file /Users/runner/work/glance-HUD/glance-HUD/.build/DerivedData/simulator/Build/Intermediates.noindex/HUDApp.build/Release-iphonesimulator/HUDApp.build/HUDApp.DependencyMetadataFileList
build-and-release	Build simulator and unsigned device artifacts	2026-07-24T14:58:50.3000560Z 
build-and-release	Build simulator and unsigned device artifacts	2026-07-24T14:58:50.3001290Z WriteAuxiliaryFile /Users/runner/work/glance-HUD/glance-HUD/.build/DerivedData/simulator/Build/Intermediates.noindex/HUDApp.build/Release-iphonesimulator/HUDApp.build/HUDApp-project-headers.hmap (in target 'HUDApp' from project 'HUDApp')
build-and-release	Build simulator and unsigned device artifacts	2026-07-24T14:58:50.3008480Z     cd /Users/runner/work/glance-HUD/glance-HUD
build-and-release	Build simulator and unsigned device artifacts	2026-07-24T14:58:50.3011150Z     write-file /Users/runner/work/glance-HUD/glance-HUD/.build/DerivedData/simulator/Build/Intermediates.noindex/HUDApp.build/Release-iphonesimulator/HUDApp.build/HUDApp-project-headers.hmap
build-and-release	Build simulator and unsigned device artifacts	2026-07-24T14:58:50.3012080Z 
build-and-release	Build simulator and unsigned device artifacts	2026-07-24T14:58:50.3013040Z WriteAuxiliaryFile /Users/runner/work/glance-HUD/glance-HUD/.build/DerivedData/simulator/Build/Intermediates.noindex/HUDApp.build/Release-iphonesimulator/HUDApp.build/HUDApp-own-target-headers.hmap (in target 'HUDApp' from project 'HUDApp')
build-and-release	Build simulator and unsigned device artifacts	2026-07-24T14:58:50.3015590Z     cd /Users/runner/work/glance-HUD/glance-HUD
build-and-release	Build simulator and unsigned device artifacts	2026-07-24T14:58:50.3016530Z     write-file /Users/runner/work/glance-HUD/glance-HUD/.build/DerivedData/simulator/Build/Intermediates.noindex/HUDApp.build/Release-iphonesimulator/HUDApp.build/HUDApp-own-target-headers.hmap
build-and-release	Build simulator and unsigned device artifacts	2026-07-24T14:58:50.3017270Z 
build-and-release	Build simulator and unsigned device artifacts	2026-07-24T14:58:50.3018000Z WriteAuxiliaryFile /Users/runner/work/glance-HUD/glance-HUD/.build/DerivedData/simulator/Build/Intermediates.noindex/HUDApp.build/Release-iphonesimulator/HUDApp.build/HUDApp-generated-files.hmap (in target 'HUDApp' from project 'HUDApp')
build-and-release	Build simulator and unsigned device artifacts	2026-07-24T14:58:50.3021560Z     cd /Users/runner/work/glance-HUD/glance-HUD
build-and-release	Build simulator and unsigned device artifacts	2026-07-24T14:58:50.3022450Z     write-file /Users/runner/work/glance-HUD/glance-HUD/.build/DerivedData/simulator/Build/Intermediates.noindex/HUDApp.build/Release-iphonesimulator/HUDApp.build/HUDApp-generated-files.hmap
build-and-release	Build simulator and unsigned device artifacts	2026-07-24T14:58:50.3023130Z 
build-and-release	Build simulator and unsigned device artifacts	2026-07-24T14:58:50.3026570Z WriteAuxiliaryFile /Users/runner/work/glance-HUD/glance-HUD/.build/DerivedData/simulator/Build/Intermediates.noindex/HUDApp.build/Release-iphonesimulator/HUDApp.build/HUDApp-all-target-headers.hmap (in target 'HUDApp' from project 'HUDApp')
build-and-release	Build simulator and unsigned device artifacts	2026-07-24T14:58:50.3029250Z     cd /Users/runner/work/glance-HUD/glance-HUD
build-and-release	Build simulator and unsigned device artifacts	2026-07-24T14:58:50.3030600Z     write-file /Users/runner/work/glance-HUD/glance-HUD/.build/DerivedData/simulator/Build/Intermediates.noindex/HUDApp.build/Release-iphonesimulator/HUDApp.build/HUDApp-all-target-headers.hmap
build-and-release	Build simulator and unsigned device artifacts	2026-07-24T14:58:50.3031390Z 
build-and-release	Build simulator and unsigned device artifacts	2026-07-24T14:58:50.3035400Z WriteAuxiliaryFile /Users/runner/work/glance-HUD/glance-HUD/.build/DerivedData/simulator/Build/Intermediates.noindex/HUDApp.build/Release-iphonesimulator/HUDApp.build/HUDApp-all-non-framework-target-headers.hmap (in target 'HUDApp' from project 'HUDApp')
build-and-release	Build simulator and unsigned device artifacts	2026-07-24T14:58:50.3037690Z     cd /Users/runner/work/glance-HUD/glance-HUD
build-and-release	Build simulator and unsigned device artifacts	2026-07-24T14:58:50.3038610Z     write-file /Users/runner/work/glance-HUD/glance-HUD/.build/DerivedData/simulator/Build/Intermediates.noindex/HUDApp.build/Release-iphonesimulator/HUDApp.build/HUDApp-all-non-framework-target-headers.hmap
build-and-release	Build simulator and unsigned device artifacts	2026-07-24T14:58:50.3044620Z 
build-and-release	Build simulator and unsigned device artifacts	2026-07-24T14:58:50.3046450Z MkDir /Users/runner/work/glance-HUD/glance-HUD/.build/DerivedData/simulator/Build/Products/Release-iphonesimulator/HUDApp.app (in target 'HUDApp' from project 'HUDApp')
build-and-release	Build simulator and unsigned device artifacts	2026-07-24T14:58:50.3047320Z     cd /Users/runner/work/glance-HUD/glance-HUD
build-and-release	Build simulator and unsigned device artifacts	2026-07-24T14:58:50.3047980Z     /bin/mkdir -p /Users/runner/work/glance-HUD/glance-HUD/.build/DerivedData/simulator/Build/Products/Release-iphonesimulator/HUDApp.app
build-and-release	Build simulator and unsigned device artifacts	2026-07-24T14:58:50.3048530Z 
build-and-release	Build simulator and unsigned device artifacts	2026-07-24T14:58:50.3052220Z MkDir /Users/runner/work/glance-HUD/glance-HUD/.build/DerivedData/simulator/Build/Intermediates.noindex/HUDApp.build/Release-iphonesimulator/HUDApp.build/assetcatalog_output/unthinned (in target 'HUDApp' from project 'HUDApp')
build-and-release	Build simulator and unsigned device artifacts	2026-07-24T14:58:50.3053350Z     cd /Users/runner/work/glance-HUD/glance-HUD
build-and-release	Build simulator and unsigned device artifacts	2026-07-24T14:58:50.3054760Z     /bin/mkdir -p /Users/runner/work/glance-HUD/glance-HUD/.build/DerivedData/simulator/Build/Intermediates.noindex/HUDApp.build/Release-iphonesimulator/HUDApp.build/assetcatalog_output/unthinned
build-and-release	Build simulator and unsigned device artifacts	2026-07-24T14:58:50.3057750Z 
build-and-release	Build simulator and unsigned device artifacts	2026-07-24T14:58:50.3058510Z MkDir /Users/runner/work/glance-HUD/glance-HUD/.build/DerivedData/simulator/Build/Intermediates.noindex/HUDApp.build/Release-iphonesimulator/HUDApp.build/assetcatalog_output/thinned (in target 'HUDApp' from project 'HUDApp')
build-and-release	Build simulator and unsigned device artifacts	2026-07-24T14:58:50.3063740Z     cd /Users/runner/work/glance-HUD/glance-HUD
build-and-release	Build simulator and unsigned device artifacts	2026-07-24T14:58:50.3065200Z     /bin/mkdir -p /Users/runner/work/glance-HUD/glance-HUD/.build/DerivedData/simulator/Build/Intermediates.noindex/HUDApp.build/Release-iphonesimulator/HUDApp.build/assetcatalog_output/thinned
build-and-release	Build simulator and unsigned device artifacts	2026-07-24T14:58:50.3066020Z 
build-and-release	Build simulator and unsigned device artifacts	2026-07-24T14:58:50.3066420Z GenerateAssetSymbols /Users/runner/work/glance-HUD/glance-HUD/HUDApp/Assets.xcassets (in target 'HUDApp' from project 'HUDApp')
build-and-release	Build simulator and unsigned device artifacts	2026-07-24T14:58:50.3067440Z     cd /Users/runner/work/glance-HUD/glance-HUD
build-and-release	Build simulator and unsigned device artifacts	2026-07-24T14:58:50.3073590Z     /Applications/Xcode_26.6.app/Contents/Developer/usr/bin/actool /Users/runner/work/glance-HUD/glance-HUD/HUDApp/Assets.xcassets --compile /Users/runner/work/glance-HUD/glance-HUD/.build/DerivedData/simulator/Build/Products/Release-iphonesimulator/HUDApp.app --output-format human-readable-text --notices --warnings --export-dependency-info /Users/runner/work/glance-HUD/glance-HUD/.build/DerivedData/simulator/Build/Intermediates.noindex/HUDApp.build/Release-iphonesimulator/HUDApp.build/assetcatalog_dependencies --output-partial-info-plist /Users/runner/work/glance-HUD/glance-HUD/.build/DerivedData/simulator/Build/Intermediates.noindex/HUDApp.build/Release-iphonesimulator/HUDApp.build/assetcatalog_generated_info.plist --accent-color AccentColor --compress-pngs --enable-on-demand-resources YES --development-region en --target-device iphone --minimum-deployment-target 15.0 --platform iphonesimulator --bundle-identifier com.colin.GlanceHUD --generate-swift-asset-symbol-extensions NO --generate-swift-asset-symbols /Users/runner/work/glance-HUD/glance-HUD/.build/DerivedData/simulator/Build/Intermediates.noindex/HUDApp.build/Release-iphonesimulator/HUDApp.build/DerivedSources/GeneratedAssetSymbols.swift --generate-objc-asset-symbols /Users/runner/work/glance-HUD/glance-HUD/.build/DerivedData/simulator/Build/Intermediates.noindex/HUDApp.build/Release-iphonesimulator/HUDApp.build/DerivedSources/GeneratedAssetSymbols.h --generate-asset-symbol-index /Users/runner/work/glance-HUD/glance-HUD/.build/DerivedData/simulator/Build/Intermediates.noindex/HUDApp.build/Release-iphonesimulator/HUDApp.build/DerivedSources/GeneratedAssetSymbols-Index.plist
build-and-release	Build simulator and unsigned device artifacts	2026-07-24T14:58:50.3079360Z /* com.apple.actool.compilation-results */
build-and-release	Build simulator and unsigned device artifacts	2026-07-24T14:58:50.3080250Z /Users/runner/work/glance-HUD/glance-HUD/.build/DerivedData/simulator/Build/Intermediates.noindex/HUDApp.build/Release-iphonesimulator/HUDApp.build/DerivedSources/GeneratedAssetSymbols-Index.plist
build-and-release	Build simulator and unsigned device artifacts	2026-07-24T14:58:50.3081550Z /Users/runner/work/glance-HUD/glance-HUD/.build/DerivedData/simulator/Build/Intermediates.noindex/HUDApp.build/Release-iphonesimulator/HUDApp.build/DerivedSources/GeneratedAssetSymbols.h
build-and-release	Build simulator and unsigned device artifacts	2026-07-24T14:58:50.3083430Z /Users/runner/work/glance-HUD/glance-HUD/.build/DerivedData/simulator/Build/Intermediates.noindex/HUDApp.build/Release-iphonesimulator/HUDApp.build/DerivedSources/GeneratedAssetSymbols.swift
build-and-release	Build simulator and unsigned device artifacts	2026-07-24T14:58:50.3084710Z 
build-and-release	Build simulator and unsigned device artifacts	2026-07-24T14:58:50.3085210Z 
build-and-release	Build simulator and unsigned device artifacts	2026-07-24T14:58:50.3086040Z CompileAssetCatalogVariant thinned /Users/runner/work/glance-HUD/glance-HUD/.build/DerivedData/simulator/Build/Products/Release-iphonesimulator/HUDApp.app /Users/runner/work/glance-HUD/glance-HUD/HUDApp/Assets.xcassets (in target 'HUDApp' from project 'HUDApp')
build-and-release	Build simulator and unsigned device artifacts	2026-07-24T14:58:50.3093100Z     cd /Users/runner/work/glance-HUD/glance-HUD
build-and-release	Build simulator and unsigned device artifacts	2026-07-24T14:58:50.3106720Z     /Applications/Xcode_26.6.app/Contents/Developer/usr/bin/actool /Users/runner/work/glance-HUD/glance-HUD/HUDApp/Assets.xcassets --compile /Users/runner/work/glance-HUD/glance-HUD/.build/DerivedData/simulator/Build/Intermediates.noindex/HUDApp.build/Release-iphonesimulator/HUDApp.build/assetcatalog_output/thinned --output-format human-readable-text --notices --warnings --export-dependency-info /Users/runner/work/glance-HUD/glance-HUD/.build/DerivedData/simulator/Build/Intermediates.noindex/HUDApp.build/Release-iphonesimulator/HUDApp.build/assetcatalog_dependencies_thinned --output-partial-info-plist /Users/runner/work/glance-HUD/glance-HUD/.build/DerivedData/simulator/Build/Intermediates.noindex/HUDApp.build/Release-iphonesimulator/HUDApp.build/assetcatalog_generated_info.plist_thinned --accent-color AccentColor --compress-pngs --enable-on-demand-resources YES --development-region en --target-device iphone --minimum-deployment-target 15.0 --platform iphonesimulator
build-and-release	Build simulator and unsigned device artifacts	2026-07-24T14:58:58.5022740Z 
build-and-release	Build simulator and unsigned device artifacts	2026-07-24T14:58:58.5023720Z SwiftDriver HUDApp normal x86_64 com.apple.xcode.tools.swift.compiler (in target 'HUDApp' from project 'HUDApp')
build-and-release	Build simulator and unsigned device artifacts	2026-07-24T14:58:58.5025010Z     cd /Users/runner/work/glance-HUD/glance-HUD
build-and-release	Build simulator and unsigned device artifacts	2026-07-24T14:58:58.5044190Z     builtin-SwiftDriver -- /Applications/Xcode_26.6.app/Contents/Developer/Toolchains/XcodeDefault.xctoolchain/usr/bin/swiftc -module-name HUDApp -O -whole-module-optimization @/Users/runner/work/glance-HUD/glance-HUD/.build/DerivedData/simulator/Build/Intermediates.noindex/HUDApp.build/Release-iphonesimulator/HUDApp.build/Objects-normal/x86_64/HUDApp.SwiftFileList -enable-bare-slash-regex -enable-experimental-feature DebugDescriptionMacro -sdk /Applications/Xcode_26.6.app/Contents/Developer/Platforms/iPhoneSimulator.platform/Developer/SDKs/iPhoneSimulator26.5.sdk -target x86_64-apple-ios15.0-simulator -g -module-cache-path /Users/runner/work/glance-HUD/glance-HUD/.build/DerivedData/simulator/ModuleCache.noindex -Xfrontend -serialize-debugging-options -swift-version 5 -I /Users/runner/work/glance-HUD/glance-HUD/.build/DerivedData/simulator/Build/Products/Release-iphonesimulator -F /Users/runner/work/glance-HUD/glance-HUD/.build/DerivedData/simulator/Build/Products/Release-iphonesimulator -emit-localized-strings -emit-localized-strings-path /Users/runner/work/glance-HUD/glance-HUD/.build/DerivedData/simulator/Build/Intermediates.noindex/HUDApp.build/Release-iphonesimulator/HUDApp.build/Objects-normal/x86_64 -c -num-threads 3 -Xcc -ivfsstatcache -Xcc /Users/runner/work/glance-HUD/glance-HUD/.build/DerivedData/simulator/SDKStatCaches.noindex/iphonesimulator26.5-23F81a-688ef53f1462e2c8f657fdc38a81448ff45c64a1807a658693f2a61704f17a36.sdkstatcache -output-file-map /Users/runner/work/glance-HUD/glance-HUD/.build/DerivedData/simulator/Build/Intermediates.noindex/HUDApp.build/Release-iphonesimulator/HUDApp.build/Objects-normal/x86_64/HUDApp-OutputFileMap.json -use-frontend-parseable-output -save-temps -no-color-diagnostics -explicit-module-build -module-cache-path /Users/runner/work/glance-HUD/glance-HUD/.build/DerivedData/simulator/Build/Intermediates.noindex/SwiftExplicitPrecompiledModules -clang-scanner-module-cache-path /Users/runner/work/glance-HUD/glance-HUD/.build/DerivedData/simulator/ModuleCache.noindex -sdk-module-cache-path /Users/runner/work/glance-HUD/glance-HUD/.build/DerivedData/simulator/ModuleCache.noindex -serialize-diagnostics -emit-dependencies -emit-module -emit-module-path /Users/runner/work/glance-HUD/glance-HUD/.build/DerivedData/simulator/Build/Intermediates.noindex/HUDApp.build/Release-iphonesimulator/HUDApp.build/Objects-normal/x86_64/HUDApp.swiftmodule -validate-clang-modules-once -clang-build-session-file /Users/runner/work/glance-HUD/glance-HUD/.build/DerivedData/simulator/ModuleCache.noindex/Session.modulevalidation -Xcc -I/Users/runner/work/glance-HUD/glance-HUD/.build/DerivedData/simulator/Build/Intermediates.noindex/HUDApp.build/Release-iphonesimulator/HUDApp.build/swift-overrides.hmap -emit-const-values -Xfrontend -const-gather-protocols-file -Xfrontend /Users/runner/work/glance-HUD/glance-HUD/.build/DerivedData/simulator/Build/Intermediates.noindex/HUDApp.build/Release-iphonesimulator/HUDApp.build/Objects-normal/x86_64/HUDApp_const_extract_protocols.json -Xcc -iquote -Xcc /Users/runner/work/glance-HUD/glance-HUD/.build/DerivedData/simulator/Build/Intermediates.noindex/HUDApp.build/Release-iphonesimulator/HUDApp.build/HUDApp-generated-files.hmap -Xcc -I/Users/runner/work/glance-HUD/glance-HUD/.build/DerivedData/simulator/Build/Intermediates.noindex/HUDApp.build/Release-iphonesimulator/HUDApp.build/HUDApp-own-target-headers.hmap -Xcc -I/Users/runner/work/glance-HUD/glance-HUD/.build/DerivedData/simulator/Build/Intermediates.noindex/HUDApp.build/Release-iphonesimulator/HUDApp.build/HUDApp-all-target-headers.hmap -Xcc -iquote -Xcc /Users/runner/work/glance-HUD/glance-HUD/.build/DerivedData/simulator/Build/Intermediates.noindex/HUDApp.build/Release-iphonesimulator/HUDApp.build/HUDApp-project-headers.hmap -Xcc -I/Users/runner/work/glance-HUD/glance-HUD/.build/DerivedData/simulator/Build/Products/Release-iphonesimulator/include -Xcc -I/Users/runner/work/glance-HUD/glance-HUD/.build/DerivedData/simulator/Build/Intermediates.noindex/HUDApp.build/Release-iphonesimulator/HUDApp.build/DerivedSources-normal/x86_64 -Xcc -I/Users/runner/work/glance-HUD/glance-HUD/.build/DerivedData/simulator/Build/Intermediates.noindex/HUDApp.build/Release-iphonesimulator/HUDApp.build/DerivedSources/x86_64 -Xcc -I/Users/runner/work/glance-HUD/glance-HUD/.build/DerivedData/simulator/Build/Intermediates.noindex/HUDApp.build/Release-iphonesimulator/HUDApp.build/DerivedSources -emit-objc-header -emit-objc-header-path /Users/runner/work/glance-HUD/glance-HUD/.build/DerivedData/simulator/Build/Intermediates.noindex/HUDApp.build/Release-iphonesimulator/HUDApp.build/Objects-normal/x86_64/HUDApp-Swift.h -working-directory /Users/runner/work/glance-HUD/glance-HUD -no-emit-module-separately-wmo
build-and-release	Build simulator and unsigned device artifacts	2026-07-24T14:58:58.5061300Z 
build-and-release	Build simulator and unsigned device artifacts	2026-07-24T14:58:58.5061680Z SwiftDriver HUDApp normal arm64 com.apple.xcode.tools.swift.compiler (in target 'HUDApp' from project 'HUDApp')
build-and-release	Build simulator and unsigned device artifacts	2026-07-24T14:58:58.5062320Z     cd /Users/runner/work/glance-HUD/glance-HUD
build-and-release	Build simulator and unsigned device artifacts	2026-07-24T14:58:58.5078740Z     builtin-SwiftDriver -- /Applications/Xcode_26.6.app/Contents/Developer/Toolchains/XcodeDefault.xctoolchain/usr/bin/swiftc -module-name HUDApp -O -whole-module-optimization @/Users/runner/work/glance-HUD/glance-HUD/.build/DerivedData/simulator/Build/Intermediates.noindex/HUDApp.build/Release-iphonesimulator/HUDApp.build/Objects-normal/arm64/HUDApp.SwiftFileList -enable-bare-slash-regex -enable-experimental-feature DebugDescriptionMacro -sdk /Applications/Xcode_26.6.app/Contents/Developer/Platforms/iPhoneSimulator.platform/Developer/SDKs/iPhoneSimulator26.5.sdk -target arm64-apple-ios15.0-simulator -g -module-cache-path /Users/runner/work/glance-HUD/glance-HUD/.build/DerivedData/simulator/ModuleCache.noindex -Xfrontend -serialize-debugging-options -swift-version 5 -I /Users/runner/work/glance-HUD/glance-HUD/.build/DerivedData/simulator/Build/Products/Release-iphonesimulator -F /Users/runner/work/glance-HUD/glance-HUD/.build/DerivedData/simulator/Build/Products/Release-iphonesimulator -emit-localized-strings -emit-localized-strings-path /Users/runner/work/glance-HUD/glance-HUD/.build/DerivedData/simulator/Build/Intermediates.noindex/HUDApp.build/Release-iphonesimulator/HUDApp.build/Objects-normal/arm64 -c -num-threads 3 -Xcc -ivfsstatcache -Xcc /Users/runner/work/glance-HUD/glance-HUD/.build/DerivedData/simulator/SDKStatCaches.noindex/iphonesimulator26.5-23F81a-688ef53f1462e2c8f657fdc38a81448ff45c64a1807a658693f2a61704f17a36.sdkstatcache -output-file-map /Users/runner/work/glance-HUD/glance-HUD/.build/DerivedData/simulator/Build/Intermediates.noindex/HUDApp.build/Release-iphonesimulator/HUDApp.build/Objects-normal/arm64/HUDApp-OutputFileMap.json -use-frontend-parseable-output -save-temps -no-color-diagnostics -explicit-module-build -module-cache-path /Users/runner/work/glance-HUD/glance-HUD/.build/DerivedData/simulator/Build/Intermediates.noindex/SwiftExplicitPrecompiledModules -clang-scanner-module-cache-path /Users/runner/work/glance-HUD/glance-HUD/.build/DerivedData/simulator/ModuleCache.noindex -sdk-module-cache-path /Users/runner/work/glance-HUD/glance-HUD/.build/DerivedData/simulator/ModuleCache.noindex -serialize-diagnostics -emit-dependencies -emit-module -emit-module-path /Users/runner/work/glance-HUD/glance-HUD/.build/DerivedData/simulator/Build/Intermediates.noindex/HUDApp.build/Release-iphonesimulator/HUDApp.build/Objects-normal/arm64/HUDApp.swiftmodule -validate-clang-modules-once -clang-build-session-file /Users/runner/work/glance-HUD/glance-HUD/.build/DerivedData/simulator/ModuleCache.noindex/Session.modulevalidation -Xcc -I/Users/runner/work/glance-HUD/glance-HUD/.build/DerivedData/simulator/Build/Intermediates.noindex/HUDApp.build/Release-iphonesimulator/HUDApp.build/swift-overrides.hmap -emit-const-values -Xfrontend -const-gather-protocols-file -Xfrontend /Users/runner/work/glance-HUD/glance-HUD/.build/DerivedData/simulator/Build/Intermediates.noindex/HUDApp.build/Release-iphonesimulator/HUDApp.build/Objects-normal/arm64/HUDApp_const_extract_protocols.json -Xcc -iquote -Xcc /Users/runner/work/glance-HUD/glance-HUD/.build/DerivedData/simulator/Build/Intermediates.noindex/HUDApp.build/Release-iphonesimulator/HUDApp.build/HUDApp-generated-files.hmap -Xcc -I/Users/runner/work/glance-HUD/glance-HUD/.build/DerivedData/simulator/Build/Intermediates.noindex/HUDApp.build/Release-iphonesimulator/HUDApp.build/HUDApp-own-target-headers.hmap -Xcc -I/Users/runner/work/glance-HUD/glance-HUD/.build/DerivedData/simulator/Build/Intermediates.noindex/HUDApp.build/Release-iphonesimulator/HUDApp.build/HUDApp-all-target-headers.hmap -Xcc -iquote -Xcc /Users/runner/work/glance-HUD/glance-HUD/.build/DerivedData/simulator/Build/Intermediates.noindex/HUDApp.build/Release-iphonesimulator/HUDApp.build/HUDApp-project-headers.hmap -Xcc -I/Users/runner/work/glance-HUD/glance-HUD/.build/DerivedData/simulator/Build/Products/Release-iphonesimulator/include -Xcc -I/Users/runner/work/glance-HUD/glance-HUD/.build/DerivedData/simulator/Build/Intermediates.noindex/HUDApp.build/Release-iphonesimulator/HUDApp.build/DerivedSources-normal/arm64 -Xcc -I/Users/runner/work/glance-HUD/glance-HUD/.build/DerivedData/simulator/Build/Intermediates.noindex/HUDApp.build/Release-iphonesimulator/HUDApp.build/DerivedSources/arm64 -Xcc -I/Users/runner/work/glance-HUD/glance-HUD/.build/DerivedData/simulator/Build/Intermediates.noindex/HUDApp.build/Release-iphonesimulator/HUDApp.build/DerivedSources -emit-objc-header -emit-objc-header-path /Users/runner/work/glance-HUD/glance-HUD/.build/DerivedData/simulator/Build/Intermediates.noindex/HUDApp.build/Release-iphonesimulator/HUDApp.build/Objects-normal/arm64/HUDApp-Swift.h -working-directory /Users/runner/work/glance-HUD/glance-HUD -no-emit-module-separately-wmo
build-and-release	Build simulator and unsigned device artifacts	2026-07-24T14:58:58.5094320Z 
build-and-release	Build simulator and unsigned device artifacts	2026-07-24T14:58:58.5094710Z SwiftDriver\ Compilation HUDApp normal x86_64 com.apple.xcode.tools.swift.compiler (in target 'HUDApp' from project 'HUDApp')
build-and-release	Build simulator and unsigned device artifacts	2026-07-24T14:58:58.5095360Z     cd /Users/runner/work/glance-HUD/glance-HUD
build-and-release	Build simulator and unsigned device artifacts	2026-07-24T14:58:58.5110450Z     builtin-Swift-Compilation -- /Applications/Xcode_26.6.app/Contents/Developer/Toolchains/XcodeDefault.xctoolchain/usr/bin/swiftc -module-name HUDApp -O -whole-module-optimization @/Users/runner/work/glance-HUD/glance-HUD/.build/DerivedData/simulator/Build/Intermediates.noindex/HUDApp.build/Release-iphonesimulator/HUDApp.build/Objects-normal/x86_64/HUDApp.SwiftFileList -enable-bare-slash-regex -enable-experimental-feature DebugDescriptionMacro -sdk /Applications/Xcode_26.6.app/Contents/Developer/Platforms/iPhoneSimulator.platform/Developer/SDKs/iPhoneSimulator26.5.sdk -target x86_64-apple-ios15.0-simulator -g -module-cache-path /Users/runner/work/glance-HUD/glance-HUD/.build/DerivedData/simulator/ModuleCache.noindex -Xfrontend -serialize-debugging-options -swift-version 5 -I /Users/runner/work/glance-HUD/glance-HUD/.build/DerivedData/simulator/Build/Products/Release-iphonesimulator -F /Users/runner/work/glance-HUD/glance-HUD/.build/DerivedData/simulator/Build/Products/Release-iphonesimulator -emit-localized-strings -emit-localized-strings-path /Users/runner/work/glance-HUD/glance-HUD/.build/DerivedData/simulator/Build/Intermediates.noindex/HUDApp.build/Release-iphonesimulator/HUDApp.build/Objects-normal/x86_64 -c -num-threads 3 -Xcc -ivfsstatcache -Xcc /Users/runner/work/glance-HUD/glance-HUD/.build/DerivedData/simulator/SDKStatCaches.noindex/iphonesimulator26.5-23F81a-688ef53f1462e2c8f657fdc38a81448ff45c64a1807a658693f2a61704f17a36.sdkstatcache -output-file-map /Users/runner/work/glance-HUD/glance-HUD/.build/DerivedData/simulator/Build/Intermediates.noindex/HUDApp.build/Release-iphonesimulator/HUDApp.build/Objects-normal/x86_64/HUDApp-OutputFileMap.json -use-frontend-parseable-output -save-temps -no-color-diagnostics -explicit-module-build -module-cache-path /Users/runner/work/glance-HUD/glance-HUD/.build/DerivedData/simulator/Build/Intermediates.noindex/SwiftExplicitPrecompiledModules -clang-scanner-module-cache-path /Users/runner/work/glance-HUD/glance-HUD/.build/DerivedData/simulator/ModuleCache.noindex -sdk-module-cache-path /Users/runner/work/glance-HUD/glance-HUD/.build/DerivedData/simulator/ModuleCache.noindex -serialize-diagnostics -emit-dependencies -emit-module -emit-module-path /Users/runner/work/glance-HUD/glance-HUD/.build/DerivedData/simulator/Build/Intermediates.noindex/HUDApp.build/Release-iphonesimulator/HUDApp.build/Objects-normal/x86_64/HUDApp.swiftmodule -validate-clang-modules-once -clang-build-session-file /Users/runner/work/glance-HUD/glance-HUD/.build/DerivedData/simulator/ModuleCache.noindex/Session.modulevalidation -Xcc -I/Users/runner/work/glance-HUD/glance-HUD/.build/DerivedData/simulator/Build/Intermediates.noindex/HUDApp.build/Release-iphonesimulator/HUDApp.build/swift-overrides.hmap -emit-const-values -Xfrontend -const-gather-protocols-file -Xfrontend /Users/runner/work/glance-HUD/glance-HUD/.build/DerivedData/simulator/Build/Intermediates.noindex/HUDApp.build/Release-iphonesimulator/HUDApp.build/Objects-normal/x86_64/HUDApp_const_extract_protocols.json -Xcc -iquote -Xcc /Users/runner/work/glance-HUD/glance-HUD/.build/DerivedData/simulator/Build/Intermediates.noindex/HUDApp.build/Release-iphonesimulator/HUDApp.build/HUDApp-generated-files.hmap -Xcc -I/Users/runner/work/glance-HUD/glance-HUD/.build/DerivedData/simulator/Build/Intermediates.noindex/HUDApp.build/Release-iphonesimulator/HUDApp.build/HUDApp-own-target-headers.hmap -Xcc -I/Users/runner/work/glance-HUD/glance-HUD/.build/DerivedData/simulator/Build/Intermediates.noindex/HUDApp.build/Release-iphonesimulator/HUDApp.build/HUDApp-all-target-headers.hmap -Xcc -iquote -Xcc /Users/runner/work/glance-HUD/glance-HUD/.build/DerivedData/simulator/Build/Intermediates.noindex/HUDApp.build/Release-iphonesimulator/HUDApp.build/HUDApp-project-headers.hmap -Xcc -I/Users/runner/work/glance-HUD/glance-HUD/.build/DerivedData/simulator/Build/Products/Release-iphonesimulator/include -Xcc -I/Users/runner/work/glance-HUD/glance-HUD/.build/DerivedData/simulator/Build/Intermediates.noindex/HUDApp.build/Release-iphonesimulator/HUDApp.build/DerivedSources-normal/x86_64 -Xcc -I/Users/runner/work/glance-HUD/glance-HUD/.build/DerivedData/simulator/Build/Intermediates.noindex/HUDApp.build/Release-iphonesimulator/HUDApp.build/DerivedSources/x86_64 -Xcc -I/Users/runner/work/glance-HUD/glance-HUD/.build/DerivedData/simulator/Build/Intermediates.noindex/HUDApp.build/Release-iphonesimulator/HUDApp.build/DerivedSources -emit-objc-header -emit-objc-header-path /Users/runner/work/glance-HUD/glance-HUD/.build/DerivedData/simulator/Build/Intermediates.noindex/HUDApp.build/Release-iphonesimulator/HUDApp.build/Objects-normal/x86_64/HUDApp-Swift.h -working-directory /Users/runner/work/glance-HUD/glance-HUD -no-emit-module-separately-wmo
build-and-release	Build simulator and unsigned device artifacts	2026-07-24T14:58:58.5126140Z 
build-and-release	Build simulator and unsigned device artifacts	2026-07-24T14:58:58.5126910Z SwiftExplicitDependencyGeneratePcm x86_64 /Users/runner/work/glance-HUD/glance-HUD/.build/DerivedData/simulator/ModuleCache.noindex/_SwiftConcurrencyShims-DJA0DYY8HQVNJZWX187O75XE8.pcm
build-and-release	Build simulator and unsigned device artifacts	2026-07-24T14:58:58.5127620Z 
build-and-release	Build simulator and unsigned device artifacts	2026-07-24T14:58:58.5128120Z SwiftExplicitDependencyGeneratePcm x86_64 /Users/runner/work/glance-HUD/glance-HUD/.build/DerivedData/simulator/ModuleCache.noindex/_Builtin_stddef-2OXHB7FZF1LDE0D9STTOBOVAT.pcm
build-and-release	Build simulator and unsigned device artifacts	2026-07-24T14:58:58.5128960Z 
build-and-release	Build simulator and unsigned device artifacts	2026-07-24T14:58:58.5129490Z SwiftExplicitDependencyGeneratePcm arm64 /Users/runner/work/glance-HUD/glance-HUD/.build/DerivedData/simulator/ModuleCache.noindex/_Builtin_stdbool-BJL57JZD5FWQYRK4VHISW4HKJ.pcm
build-and-release	Build simulator and unsigned device artifacts	2026-07-24T14:58:58.5130520Z 
build-and-release	Build simulator and unsigned device artifacts	2026-07-24T14:58:58.5130980Z SwiftExplicitDependencyGeneratePcm x86_64 /Users/runner/work/glance-HUD/glance-HUD/.build/DerivedData/simulator/ModuleCache.noindex/ptrcheck-6HUFR68KFL3MO5TZT1LF0AFSX.pcm
build-and-release	Build simulator and unsigned device artifacts	2026-07-24T14:58:58.5131630Z 
build-and-release	Build simulator and unsigned device artifacts	2026-07-24T14:58:58.5132160Z SwiftExplicitDependencyGeneratePcm arm64 /Users/runner/work/glance-HUD/glance-HUD/.build/DerivedData/simulator/ModuleCache.noindex/_Builtin_stdarg-2P3M51J1030THV6SLQNKTPV61.pcm
build-and-release	Build simulator and unsigned device artifacts	2026-07-24T14:58:58.5132820Z 
build-and-release	Build simulator and unsigned device artifacts	2026-07-24T14:58:58.5133330Z SwiftExplicitDependencyGeneratePcm x86_64 /Users/runner/work/glance-HUD/glance-HUD/.build/DerivedData/simulator/ModuleCache.noindex/_Builtin_float-695K051P6TQ1FXI5MHLFBQDUD.pcm
build-and-release	Build simulator and unsigned device artifacts	2026-07-24T14:58:58.5134040Z 
build-and-release	Build simulator and unsigned device artifacts	2026-07-24T14:58:58.5134580Z SwiftExplicitDependencyGeneratePcm arm64 /Users/runner/work/glance-HUD/glance-HUD/.build/DerivedData/simulator/ModuleCache.noindex/_Builtin_float-53EQA17836PEAK93Z4T8JLSK7.pcm
build-and-release	Build simulator and unsigned device artifacts	2026-07-24T14:58:58.5135300Z 
build-and-release	Build simulator and unsigned device artifacts	2026-07-24T14:58:58.5135920Z SwiftExplicitDependencyGeneratePcm arm64 /Users/runner/work/glance-HUD/glance-HUD/.build/DerivedData/simulator/ModuleCache.noindex/DeveloperToolsSupport-5RHJ3SY5XSLDPY65QMGH74JU5.pcm
build-and-release	Build simulator and unsigned device artifacts	2026-07-24T14:58:58.5136610Z 
build-and-release	Build simulator and unsigned device artifacts	2026-07-24T14:58:58.5137180Z SwiftExplicitDependencyGeneratePcm x86_64 /Users/runner/work/glance-HUD/glance-HUD/.build/DerivedData/simulator/ModuleCache.noindex/SwiftShims-5LMV6MP3UOKF59ND7OJOGBUOI.pcm
build-and-release	Build simulator and unsigned device artifacts	2026-07-24T14:58:58.5137830Z 
build-and-release	Build simulator and unsigned device artifacts	2026-07-24T14:58:58.5138330Z SwiftExplicitDependencyGeneratePcm arm64 /Users/runner/work/glance-HUD/glance-HUD/.build/DerivedData/simulator/ModuleCache.noindex/_SwiftConcurrencyShims-DLIWQOY794GNGTH43S4J3ON2S.pcm
build-and-release	Build simulator and unsigned device artifacts	2026-07-24T14:58:58.5139010Z 
build-and-release	Build simulator and unsigned device artifacts	2026-07-24T14:58:58.5139520Z SwiftExplicitDependencyGeneratePcm arm64 /Users/runner/work/glance-HUD/glance-HUD/.build/DerivedData/simulator/ModuleCache.noindex/ptrcheck-7MQ0P4SJRUQ4O2EM9W051RZ7Z.pcm
build-and-release	Build simulator and unsigned device artifacts	2026-07-24T14:58:58.5140320Z 
build-and-release	Build simulator and unsigned device artifacts	2026-07-24T14:58:58.5140770Z SwiftExplicitDependencyGeneratePcm arm64 /Users/runner/work/glance-HUD/glance-HUD/.build/DerivedData/simulator/ModuleCache.noindex/ptrauth-AGNUL7DDLA1OYZNJXCA3M2JLE.pcm
build-and-release	Build simulator and unsigned device artifacts	2026-07-24T14:58:58.5141390Z 
build-and-release	Build simulator and unsigned device artifacts	2026-07-24T14:58:58.5141950Z SwiftExplicitDependencyGeneratePcm arm64 /Users/runner/work/glance-HUD/glance-HUD/.build/DerivedData/simulator/ModuleCache.noindex/_AvailabilityInternal-E3T4IIILL1PXXYMP2JWS4SG5R.pcm
build-and-release	Build simulator and unsigned device artifacts	2026-07-24T14:58:58.5142600Z 
build-and-release	Build simulator and unsigned device artifacts	2026-07-24T14:58:58.5143200Z SwiftExplicitDependencyGeneratePcm x86_64 /Users/runner/work/glance-HUD/glance-HUD/.build/DerivedData/simulator/ModuleCache.noindex/ptrauth-CLYA8MKIXD79P2GR5BXKM3BQI.pcm
build-and-release	Build simulator and unsigned device artifacts	2026-07-24T14:58:58.5143760Z 
build-and-release	Build simulator and unsigned device artifacts	2026-07-24T14:58:58.5144390Z SwiftExplicitDependencyGeneratePcm arm64 /Users/runner/work/glance-HUD/glance-HUD/.build/DerivedData/simulator/ModuleCache.noindex/_Builtin_stddef-EYDXMLC6TJZGPU2V4AQ94SCWE.pcm
build-and-release	Build simulator and unsigned device artifacts	2026-07-24T14:58:58.5145070Z 
build-and-release	Build simulator and unsigned device artifacts	2026-07-24T14:58:58.5145710Z SwiftExplicitDependencyGeneratePcm x86_64 /Users/runner/work/glance-HUD/glance-HUD/.build/DerivedData/simulator/ModuleCache.noindex/_AvailabilityInternal-D2B1JU67CCR12SY7M7H2FTEJZ.pcm
build-and-release	Build simulator and unsigned device artifacts	2026-07-24T14:58:58.5146400Z 
build-and-release	Build simulator and unsigned device artifacts	2026-07-24T14:58:58.5146900Z SwiftExplicitDependencyGeneratePcm x86_64 /Users/runner/work/glance-HUD/glance-HUD/.build/DerivedData/simulator/ModuleCache.noindex/_Builtin_stdarg-9SHDH3XIRT4UT691S16LKV06Z.pcm
build-and-release	Build simulator and unsigned device artifacts	2026-07-24T14:58:58.5147570Z 
build-and-release	Build simulator and unsigned device artifacts	2026-07-24T14:58:58.5148150Z SwiftExplicitDependencyGeneratePcm arm64 /Users/runner/work/glance-HUD/glance-HUD/.build/DerivedData/simulator/ModuleCache.noindex/SwiftShims-4GXV6NON9SZCC3H0WLSNWKFLA.pcm
build-and-release	Build simulator and unsigned device artifacts	2026-07-24T14:58:58.5148810Z 
build-and-release	Build simulator and unsigned device artifacts	2026-07-24T14:58:58.5149340Z SwiftExplicitDependencyGeneratePcm x86_64 /Users/runner/work/glance-HUD/glance-HUD/.build/DerivedData/simulator/ModuleCache.noindex/_DarwinFoundation1-4HMDVN5PD72KUGQRZNNA3EKDD.pcm
build-and-release	Build simulator and unsigned device artifacts	2026-07-24T14:58:58.5150380Z 
build-and-release	Build simulator and unsigned device artifacts	2026-07-24T14:58:58.5150970Z SwiftExplicitDependencyGeneratePcm x86_64 /Users/runner/work/glance-HUD/glance-HUD/.build/DerivedData/simulator/ModuleCache.noindex/_Builtin_stdbool-2V6I3XK00OISDQX57M5XL8WQB.pcm
build-and-release	Build simulator and unsigned device artifacts	2026-07-24T14:58:58.5151610Z 
build-and-release	Build simulator and unsigned device artifacts	2026-07-24T14:58:58.5152410Z SwiftExplicitDependencyGeneratePcm x86_64 /Users/runner/work/glance-HUD/glance-HUD/.build/DerivedData/simulator/ModuleCache.noindex/DeveloperToolsSupport-CWW39OEQMMXO9URTNTZIH86ZD.pcm
build-and-release	Build simulator and unsigned device artifacts	2026-07-24T14:58:58.5153250Z 
build-and-release	Build simulator and unsigned device artifacts	2026-07-24T14:58:58.5153900Z SwiftExplicitDependencyGeneratePcm x86_64 /Users/runner/work/glance-HUD/glance-HUD/.build/DerivedData/simulator/ModuleCache.noindex/_DarwinFoundation2-6WLUK6KZHB7JAXWO5YI06ZGY2.pcm
build-and-release	Build simulator and unsigned device artifacts	2026-07-24T14:58:58.5154750Z 
build-and-release	Build simulator and unsigned device artifacts	2026-07-24T14:58:58.5155260Z SwiftExplicitDependencyGeneratePcm x86_64 /Users/runner/work/glance-HUD/glance-HUD/.build/DerivedData/simulator/ModuleCache.noindex/_Builtin_limits-CJTAXJES2X6OAJ1865M33ZPHH.pcm
build-and-release	Build simulator and unsigned device artifacts	2026-07-24T14:58:58.5156210Z 
build-and-release	Build simulator and unsigned device artifacts	2026-07-24T14:58:58.5156800Z SwiftExplicitDependencyGeneratePcm arm64 /Users/runner/work/glance-HUD/glance-HUD/.build/DerivedData/simulator/ModuleCache.noindex/_DarwinFoundation1-ADIFBQQNHKP83FU4UJ5SCFJCJ.pcm
build-and-release	Build simulator and unsigned device artifacts	2026-07-24T14:58:58.5157480Z 
build-and-release	Build simulator and unsigned device artifacts	2026-07-24T14:58:58.5157880Z SwiftDriver\ Compilation HUDApp normal arm64 com.apple.xcode.tools.swift.compiler (in target 'HUDApp' from project 'HUDApp')
build-and-release	Build simulator and unsigned device artifacts	2026-07-24T14:58:58.5158430Z     cd /Users/runner/work/glance-HUD/glance-HUD
build-and-release	Build simulator and unsigned device artifacts	2026-07-24T14:58:58.5173870Z     builtin-Swift-Compilation -- /Applications/Xcode_26.6.app/Contents/Developer/Toolchains/XcodeDefault.xctoolchain/usr/bin/swiftc -module-name HUDApp -O -whole-module-optimization @/Users/runner/work/glance-HUD/glance-HUD/.build/DerivedData/simulator/Build/Intermediates.noindex/HUDApp.build/Release-iphonesimulator/HUDApp.build/Objects-normal/arm64/HUDApp.SwiftFileList -enable-bare-slash-regex -enable-experimental-feature DebugDescriptionMacro -sdk /Applications/Xcode_26.6.app/Contents/Developer/Platforms/iPhoneSimulator.platform/Developer/SDKs/iPhoneSimulator26.5.sdk -target arm64-apple-ios15.0-simulator -g -module-cache-path /Users/runner/work/glance-HUD/glance-HUD/.build/DerivedData/simulator/ModuleCache.noindex -Xfrontend -serialize-debugging-options -swift-version 5 -I /Users/runner/work/glance-HUD/glance-HUD/.build/DerivedData/simulator/Build/Products/Release-iphonesimulator -F /Users/runner/work/glance-HUD/glance-HUD/.build/DerivedData/simulator/Build/Products/Release-iphonesimulator -emit-localized-strings -emit-localized-strings-path /Users/runner/work/glance-HUD/glance-HUD/.build/DerivedData/simulator/Build/Intermediates.noindex/HUDApp.build/Release-iphonesimulator/HUDApp.build/Objects-normal/arm64 -c -num-threads 3 -Xcc -ivfsstatcache -Xcc /Users/runner/work/glance-HUD/glance-HUD/.build/DerivedData/simulator/SDKStatCaches.noindex/iphonesimulator26.5-23F81a-688ef53f1462e2c8f657fdc38a81448ff45c64a1807a658693f2a61704f17a36.sdkstatcache -output-file-map /Users/runner/work/glance-HUD/glance-HUD/.build/DerivedData/simulator/Build/Intermediates.noindex/HUDApp.build/Release-iphonesimulator/HUDApp.build/Objects-normal/arm64/HUDApp-OutputFileMap.json -use-frontend-parseable-output -save-temps -no-color-diagnostics -explicit-module-build -module-cache-path /Users/runner/work/glance-HUD/glance-HUD/.build/DerivedData/simulator/Build/Intermediates.noindex/SwiftExplicitPrecompiledModules -clang-scanner-module-cache-path /Users/runner/work/glance-HUD/glance-HUD/.build/DerivedData/simulator/ModuleCache.noindex -sdk-module-cache-path /Users/runner/work/glance-HUD/glance-HUD/.build/DerivedData/simulator/ModuleCache.noindex -serialize-diagnostics -emit-dependencies -emit-module -emit-module-path /Users/runner/work/glance-HUD/glance-HUD/.build/DerivedData/simulator/Build/Intermediates.noindex/HUDApp.build/Release-iphonesimulator/HUDApp.build/Objects-normal/arm64/HUDApp.swiftmodule -validate-clang-modules-once -clang-build-session-file /Users/runner/work/glance-HUD/glance-HUD/.build/DerivedData/simulator/ModuleCache.noindex/Session.modulevalidation -Xcc -I/Users/runner/work/glance-HUD/glance-HUD/.build/DerivedData/simulator/Build/Intermediates.noindex/HUDApp.build/Release-iphonesimulator/HUDApp.build/swift-overrides.hmap -emit-const-values -Xfrontend -const-gather-protocols-file -Xfrontend /Users/runner/work/glance-HUD/glance-HUD/.build/DerivedData/simulator/Build/Intermediates.noindex/HUDApp.build/Release-iphonesimulator/HUDApp.build/Objects-normal/arm64/HUDApp_const_extract_protocols.json -Xcc -iquote -Xcc /Users/runner/work/glance-HUD/glance-HUD/.build/DerivedData/simulator/Build/Intermediates.noindex/HUDApp.build/Release-iphonesimulator/HUDApp.build/HUDApp-generated-files.hmap -Xcc -I/Users/runner/work/glance-HUD/glance-HUD/.build/DerivedData/simulator/Build/Intermediates.noindex/HUDApp.build/Release-iphonesimulator/HUDApp.build/HUDApp-own-target-headers.hmap -Xcc -I/Users/runner/work/glance-HUD/glance-HUD/.build/DerivedData/simulator/Build/Intermediates.noindex/HUDApp.build/Release-iphonesimulator/HUDApp.build/HUDApp-all-target-headers.hmap -Xcc -iquote -Xcc /Users/runner/work/glance-HUD/glance-HUD/.build/DerivedData/simulator/Build/Intermediates.noindex/HUDApp.build/Release-iphonesimulator/HUDApp.build/HUDApp-project-headers.hmap -Xcc -I/Users/runner/work/glance-HUD/glance-HUD/.build/DerivedData/simulator/Build/Products/Release-iphonesimulator/include -Xcc -I/Users/runner/work/glance-HUD/glance-HUD/.build/DerivedData/simulator/Build/Intermediates.noindex/HUDApp.build/Release-iphonesimulator/HUDApp.build/DerivedSources-normal/arm64 -Xcc -I/Users/runner/work/glance-HUD/glance-HUD/.build/DerivedData/simulator/Build/Intermediates.noindex/HUDApp.build/Release-iphonesimulator/HUDApp.build/DerivedSources/arm64 -Xcc -I/Users/runner/work/glance-HUD/glance-HUD/.build/DerivedData/simulator/Build/Intermediates.noindex/HUDApp.build/Release-iphonesimulator/HUDApp.build/DerivedSources -emit-objc-header -emit-objc-header-path /Users/runner/work/glance-HUD/glance-HUD/.build/DerivedData/simulator/Build/Intermediates.noindex/HUDApp.build/Release-iphonesimulator/HUDApp.build/Objects-normal/arm64/HUDApp-Swift.h -working-directory /Users/runner/work/glance-HUD/glance-HUD -no-emit-module-separately-wmo
build-and-release	Build simulator and unsigned device artifacts	2026-07-24T14:58:58.5191980Z 
build-and-release	Build simulator and unsigned device artifacts	2026-07-24T14:58:58.5192560Z SwiftExplicitDependencyGeneratePcm x86_64 /Users/runner/work/glance-HUD/glance-HUD/.build/DerivedData/simulator/ModuleCache.noindex/sys_types-ADAFR1M2GXI7LLFZF68S41998.pcm
build-and-release	Build simulator and unsigned device artifacts	2026-07-24T14:58:58.5193380Z 
build-and-release	Build simulator and unsigned device artifacts	2026-07-24T14:58:58.5194020Z SwiftExplicitDependencyGeneratePcm x86_64 /Users/runner/work/glance-HUD/glance-HUD/.build/DerivedData/simulator/ModuleCache.noindex/_Builtin_tgmath-AXAIC27417EQSSUF6Y23VJ1HY.pcm
build-and-release	Build simulator and unsigned device artifacts	2026-07-24T14:58:58.5194700Z 
build-and-release	Build simulator and unsigned device artifacts	2026-07-24T14:58:58.5195180Z SwiftExplicitDependencyGeneratePcm x86_64 /Users/runner/work/glance-HUD/glance-HUD/.build/DerivedData/simulator/ModuleCache.noindex/_Builtin_stdint-3A14SLM21ZK8GA6XZD81PVJTX.pcm
build-and-release	Build simulator and unsigned device artifacts	2026-07-24T14:58:58.5195820Z 
build-and-release	Build simulator and unsigned device artifacts	2026-07-24T14:58:58.5196440Z SwiftExplicitDependencyGeneratePcm arm64 /Users/runner/work/glance-HUD/glance-HUD/.build/DerivedData/simulator/ModuleCache.noindex/_DarwinFoundation2-3SAZBA6ZLJK7B32CAD13EP861.pcm
build-and-release	Build simulator and unsigned device artifacts	2026-07-24T14:58:58.5197150Z 
build-and-release	Build simulator and unsigned device artifacts	2026-07-24T14:58:58.5197780Z SwiftExplicitDependencyGeneratePcm arm64 /Users/runner/work/glance-HUD/glance-HUD/.build/DerivedData/simulator/ModuleCache.noindex/_Builtin_limits-9ZQT4NENH9O3WSNI8HTHNDO67.pcm
build-and-release	Build simulator and unsigned device artifacts	2026-07-24T14:58:58.5198450Z 
build-and-release	Build simulator and unsigned device artifacts	2026-07-24T14:58:58.5199000Z SwiftExplicitDependencyGeneratePcm x86_64 /Users/runner/work/glance-HUD/glance-HUD/.build/DerivedData/simulator/ModuleCache.noindex/_Builtin_stdatomic-BK8LKTDC3GT7TW16FC0T77B8H.pcm
build-and-release	Build simulator and unsigned device artifacts	2026-07-24T14:58:58.5199650Z 
build-and-release	Build simulator and unsigned device artifacts	2026-07-24T14:58:58.5200270Z SwiftExplicitDependencyGeneratePcm x86_64 /Users/runner/work/glance-HUD/glance-HUD/.build/DerivedData/simulator/ModuleCache.noindex/_DarwinFoundation3-15FHRRY70UZIBXWNU9QSHGBDB.pcm
build-and-release	Build simulator and unsigned device artifacts	2026-07-24T14:58:58.5200850Z 
build-and-release	Build simulator and unsigned device artifacts	2026-07-24T14:58:58.5201520Z SwiftExplicitDependencyGeneratePcm arm64 /Users/runner/work/glance-HUD/glance-HUD/.build/DerivedData/simulator/ModuleCache.noindex/sys_types-DHAMTOVNZSVOH8ETBEGD2PAMR.pcm
build-and-release	Build simulator and unsigned device artifacts	2026-07-24T14:58:58.5202210Z 
build-and-release	Build simulator and unsigned device artifacts	2026-07-24T14:58:58.5202800Z SwiftExplicitDependencyGeneratePcm arm64 /Users/runner/work/glance-HUD/glance-HUD/.build/DerivedData/simulator/ModuleCache.noindex/_Builtin_tgmath-BZYZL43XQIWEN2OTLYHGKR301.pcm
build-and-release	Build simulator and unsigned device artifacts	2026-07-24T14:58:58.5203940Z 
build-and-release	Build simulator and unsigned device artifacts	2026-07-24T14:58:58.5204440Z SwiftExplicitDependencyGeneratePcm arm64 /Users/runner/work/glance-HUD/glance-HUD/.build/DerivedData/simulator/ModuleCache.noindex/_Builtin_stdint-8XEKNBS609XKPYND9NSTT4FJ3.pcm
build-and-release	Build simulator and unsigned device artifacts	2026-07-24T14:58:58.5205130Z 
build-and-release	Build simulator and unsigned device artifacts	2026-07-24T14:58:58.5205730Z SwiftExplicitDependencyGeneratePcm x86_64 /Users/runner/work/glance-HUD/glance-HUD/.build/DerivedData/simulator/ModuleCache.noindex/_Builtin_inttypes-B3KWD0RXZ0GJ6FCJFCT2N8ZBT.pcm
build-and-release	Build simulator and unsigned device artifacts	2026-07-24T14:58:58.5206420Z 
build-and-release	Build simulator and unsigned device artifacts	2026-07-24T14:58:58.5206920Z SwiftExplicitDependencyGeneratePcm x86_64 /Users/runner/work/glance-HUD/glance-HUD/.build/DerivedData/simulator/ModuleCache.noindex/_Builtin_intrinsics-A38ENUBJHDIZP7LTATZM3J73K.pcm
build-and-release	Build simulator and unsigned device artifacts	2026-07-24T14:58:58.5207580Z 
build-and-release	Build simulator and unsigned device artifacts	2026-07-24T14:58:58.5208160Z SwiftExplicitDependencyGeneratePcm arm64 /Users/runner/work/glance-HUD/glance-HUD/.build/DerivedData/simulator/ModuleCache.noindex/_DarwinFoundation3-3C6JEGGY4K5S3VR10TNVP333T.pcm
build-and-release	Build simulator and unsigned device artifacts	2026-07-24T14:58:58.5208960Z 
build-and-release	Build simulator and unsigned device artifacts	2026-07-24T14:58:58.5209490Z SwiftExplicitDependencyGeneratePcm arm64 /Users/runner/work/glance-HUD/glance-HUD/.build/DerivedData/simulator/ModuleCache.noindex/_Builtin_intrinsics-4XM1A7IYGHIYTV0Q8ZEPJ4XO0.pcm
build-and-release	Build simulator and unsigned device artifacts	2026-07-24T14:58:58.5210050Z 
build-and-release	Build simulator and unsigned device artifacts	2026-07-24T14:58:58.5210540Z SwiftExplicitDependencyGeneratePcm arm64 /Users/runner/work/glance-HUD/glance-HUD/.build/DerivedData/simulator/ModuleCache.noindex/_Builtin_inttypes-ARQ3L3B5X36K6MGCU4JG4GDKL.pcm
build-and-release	Build simulator and unsigned device artifacts	2026-07-24T14:58:58.5211100Z 
build-and-release	Build simulator and unsigned device artifacts	2026-07-24T14:58:58.5211550Z SwiftExplicitDependencyGeneratePcm arm64 /Users/runner/work/glance-HUD/glance-HUD/.build/DerivedData/simulator/ModuleCache.noindex/simd-AQR3HEP09MYFEOR3SZROTVZR.pcm
build-and-release	Build simulator and unsigned device artifacts	2026-07-24T14:58:58.5212110Z 
build-and-release	Build simulator and unsigned device artifacts	2026-07-24T14:58:58.5212570Z SwiftExplicitDependencyGeneratePcm x86_64 /Users/runner/work/glance-HUD/glance-HUD/.build/DerivedData/simulator/ModuleCache.noindex/simd-5VJCSFREY0T2VHWVK6SBF9ZYG.pcm
build-and-release	Build simulator and unsigned device artifacts	2026-07-24T14:58:58.5213150Z 
build-and-release	Build simulator and unsigned device artifacts	2026-07-24T14:58:58.5213600Z SwiftExplicitDependencyGeneratePcm arm64 /Users/runner/work/glance-HUD/glance-HUD/.build/DerivedData/simulator/ModuleCache.noindex/Darwin-CR0SH9ZA770XQ721G8PAWYGVN.pcm
build-and-release	Build simulator and unsigned device artifacts	2026-07-24T14:58:58.5214140Z 
build-and-release	Build simulator and unsigned device artifacts	2026-07-24T14:58:58.5267550Z SwiftExplicitDependencyGeneratePcm arm64 /Users/runner/work/glance-HUD/glance-HUD/.build/DerivedData/simulator/ModuleCache.noindex/Spatial-2E3Z1OICJV01JC8HV7UB16995.pcm
build-and-release	Build simulator and unsigned device artifacts	2026-07-24T14:58:58.5268310Z 
build-and-release	Build simulator and unsigned device artifacts	2026-07-24T14:58:58.5268790Z SwiftExplicitDependencyGeneratePcm x86_64 /Users/runner/work/glance-HUD/glance-HUD/.build/DerivedData/simulator/ModuleCache.noindex/Darwin-4C78NFORSJ0C9K2FITAOUAVDC.pcm
build-and-release	Build simulator and unsigned device artifacts	2026-07-24T14:58:58.5288050Z 
build-and-release	Build simulator and unsigned device artifacts	2026-07-24T14:58:58.5288950Z SwiftExplicitDependencyGeneratePcm x86_64 /Users/runner/work/glance-HUD/glance-HUD/.build/DerivedData/simulator/ModuleCache.noindex/Spatial-194IJVH1VQN6MHX6D17HNYXLA.pcm
build-and-release	Build simulator and unsigned device artifacts	2026-07-24T14:58:58.5290210Z 
build-and-release	Build simulator and unsigned device artifacts	2026-07-24T14:58:58.5291030Z SwiftExplicitDependencyGeneratePcm arm64 /Users/runner/work/glance-HUD/glance-HUD/.build/DerivedData/simulator/ModuleCache.noindex/ObjectiveC-B2FCIOFKW1FSG54SQ6Z6TOQUT.pcm
build-and-release	Build simulator and unsigned device artifacts	2026-07-24T14:58:58.5291650Z 
build-and-release	Build simulator and unsigned device artifacts	2026-07-24T14:58:58.5415330Z SwiftExplicitDependencyGeneratePcm arm64 /Users/runner/work/glance-HUD/glance-HUD/.build/DerivedData/simulator/ModuleCache.noindex/MachO-12141XJUA56RFMQ8TTCC0E2KK.pcm
build-and-release	Build simulator and unsigned device artifacts	2026-07-24T14:58:58.5415940Z 
build-and-release	Build simulator and unsigned device artifacts	2026-07-24T14:58:58.5416460Z SwiftExplicitDependencyGeneratePcm x86_64 /Users/runner/work/glance-HUD/glance-HUD/.build/DerivedData/simulator/ModuleCache.noindex/ObjectiveC-37FBDRXF3369RAPR10NWLFXY5.pcm
build-and-release	Build simulator and unsigned device artifacts	2026-07-24T14:58:58.5417030Z 
build-and-release	Build simulator and unsigned device artifacts	2026-07-24T14:58:58.5417590Z SwiftExplicitDependencyGeneratePcm arm64 /Users/runner/work/glance-HUD/glance-HUD/.build/DerivedData/simulator/ModuleCache.noindex/os_object-BBH2UF3WT2OOMSF2IV73XAPSR.pcm
build-and-release	Build simulator and unsigned device artifacts	2026-07-24T14:58:58.5418150Z 
build-and-release	Build simulator and unsigned device artifacts	2026-07-24T14:58:58.5418600Z SwiftExplicitDependencyGeneratePcm x86_64 /Users/runner/work/glance-HUD/glance-HUD/.build/DerivedData/simulator/ModuleCache.noindex/MachO-LT2XJ6JIUA59BFBASB37UC7J.pcm
build-and-release	Build simulator and unsigned device artifacts	2026-07-24T14:58:58.5419480Z 
build-and-release	Build simulator and unsigned device artifacts	2026-07-24T14:58:58.5419970Z SwiftExplicitDependencyGeneratePcm x86_64 /Users/runner/work/glance-HUD/glance-HUD/.build/DerivedData/simulator/ModuleCache.noindex/os_object-78A0QV6JBEB1SJ6LDJ25847FF.pcm
build-and-release	Build simulator and unsigned device artifacts	2026-07-24T14:58:58.5420550Z 
build-and-release	Build simulator and unsigned device artifacts	2026-07-24T14:58:58.5421100Z SwiftExplicitDependencyGeneratePcm arm64 /Users/runner/work/glance-HUD/glance-HUD/.build/DerivedData/simulator/ModuleCache.noindex/os_workgroup-D1KCR2Z5NQ1JHPZBN5N4TPZM1.pcm
build-and-release	Build simulator and unsigned device artifacts	2026-07-24T14:58:58.5421870Z 
build-and-release	Build simulator and unsigned device artifacts	2026-07-24T14:58:58.5422330Z SwiftExplicitDependencyGeneratePcm x86_64 /Users/runner/work/glance-HUD/glance-HUD/.build/DerivedData/simulator/ModuleCache.noindex/os_workgroup-5HZB216O3ST0NBIC75A941P9H.pcm
build-and-release	Build simulator and unsigned device artifacts	2026-07-24T14:58:58.5422930Z 
build-and-release	Build simulator and unsigned device artifacts	2026-07-24T14:58:58.5423420Z SwiftExplicitDependencyGeneratePcm arm64 /Users/runner/work/glance-HUD/glance-HUD/.build/DerivedData/simulator/ModuleCache.noindex/_Builtin_stdatomic-B65QH3R7LT4I3DAMFEUEK2HEI.pcm
build-and-release	Build simulator and unsigned device artifacts	2026-07-24T14:58:58.5424300Z 
build-and-release	Build simulator and unsigned device artifacts	2026-07-24T14:58:58.5424760Z SwiftExplicitDependencyGeneratePcm arm64 /Users/runner/work/glance-HUD/glance-HUD/.build/DerivedData/simulator/ModuleCache.noindex/Dispatch-BJBQKBCDGBTMCV27O5KUUYAOB.pcm
build-and-release	Build simulator and unsigned device artifacts	2026-07-24T14:58:58.5425300Z 
build-and-release	Build simulator and unsigned device artifacts	2026-07-24T14:58:58.5425760Z SwiftExplicitDependencyGeneratePcm x86_64 /Users/runner/work/glance-HUD/glance-HUD/.build/DerivedData/simulator/ModuleCache.noindex/Dispatch-98EU8M69KO72TT5CZOBVNHZBA.pcm
build-and-release	Build simulator and unsigned device artifacts	2026-07-24T14:58:58.5426330Z 
build-and-release	Build simulator and unsigned device artifacts	2026-07-24T14:58:58.5426810Z SwiftExplicitDependencyGeneratePcm arm64 /Users/runner/work/glance-HUD/glance-HUD/.build/DerivedData/simulator/ModuleCache.noindex/XPC-DUYER0EWDGWCAUV825CQ6LTXY.pcm
build-and-release	Build simulator and unsigned device artifacts	2026-07-24T14:58:58.5427330Z 
build-and-release	Build simulator and unsigned device artifacts	2026-07-24T14:58:58.5427840Z SwiftExplicitDependencyGeneratePcm arm64 /Users/runner/work/glance-HUD/glance-HUD/.build/DerivedData/simulator/ModuleCache.noindex/CoreFoundation-1U5TUVNK65J9XUE2E2GSYJXLQ.pcm
build-and-release	Build simulator and unsigned device artifacts	2026-07-24T14:58:58.5428460Z 
build-and-release	Build simulator and unsigned device artifacts	2026-07-24T14:58:58.5428980Z SwiftExplicitDependencyGeneratePcm x86_64 /Users/runner/work/glance-HUD/glance-HUD/.build/DerivedData/simulator/ModuleCache.noindex/CoreFoundation-6Z0VA4UYHUL4QCXRJHY2H12A9.pcm
build-and-release	Build simulator and unsigned device artifacts	2026-07-24T14:58:58.5429550Z 
build-and-release	Build simulator and unsigned device artifacts	2026-07-24T14:58:58.5429980Z SwiftExplicitDependencyGeneratePcm arm64 /Users/runner/work/glance-HUD/glance-HUD/.build/DerivedData/simulator/ModuleCache.noindex/os-3AF6C37K9AH7WSJ2VRNOGY85N.pcm
build-and-release	Build simulator and unsigned device artifacts	2026-07-24T14:58:58.5430500Z 
build-and-release	Build simulator and unsigned device artifacts	2026-07-24T14:58:58.5431010Z SwiftExplicitDependencyGeneratePcm arm64 /Users/runner/work/glance-HUD/glance-HUD/.build/DerivedData/simulator/ModuleCache.noindex/CFNetwork-DEPP0B23JU9G7XONUIEKBLZ39.pcm
build-and-release	Build simulator and unsigned device artifacts	2026-07-24T14:58:58.5431550Z 
build-and-release	Build simulator and unsigned device artifacts	2026-07-24T14:58:58.5432000Z SwiftExplicitDependencyGeneratePcm x86_64 /Users/runner/work/glance-HUD/glance-HUD/.build/DerivedData/simulator/ModuleCache.noindex/Security-E2JGIADWO1KQOUSQB9Q4JKCNF.pcm
build-and-release	Build simulator and unsigned device artifacts	2026-07-24T14:58:58.5432580Z 
build-and-release	Build simulator and unsigned device artifacts	2026-07-24T14:58:58.5433070Z SwiftExplicitDependencyGeneratePcm x86_64 /Users/runner/work/glance-HUD/glance-HUD/.build/DerivedData/simulator/ModuleCache.noindex/CFNetwork-1M2Z1427JX0ZRE73SU19E739B.pcm
build-and-release	Build simulator and unsigned device artifacts	2026-07-24T14:58:58.5433640Z 
build-and-release	Build simulator and unsigned device artifacts	2026-07-24T14:58:58.5434180Z SwiftExplicitDependencyGeneratePcm x86_64 /Users/runner/work/glance-HUD/glance-HUD/.build/DerivedData/simulator/ModuleCache.noindex/CoreGraphics-9KMS5S2P1GUOP2H5BRGMM7E6M.pcm
build-and-release	Build simulator and unsigned device artifacts	2026-07-24T14:58:58.5434730Z 
build-and-release	Build simulator and unsigned device artifacts	2026-07-24T14:58:58.5435200Z SwiftExplicitDependencyGeneratePcm arm64 /Users/runner/work/glance-HUD/glance-HUD/.build/DerivedData/simulator/ModuleCache.noindex/CoreGraphics-EB6134BFMY1P7XU9VVL117IRH.pcm
build-and-release	Build simulator and unsigned device artifacts	2026-07-24T14:58:58.5435800Z 
build-and-release	Build simulator and unsigned device artifacts	2026-07-24T14:58:58.5436260Z SwiftExplicitDependencyGeneratePcm arm64 /Users/runner/work/glance-HUD/glance-HUD/.build/DerivedData/simulator/ModuleCache.noindex/Security-8OHGG60CS4E509TH7CC6B2WF5.pcm
build-and-release	Build simulator and unsigned device artifacts	2026-07-24T14:58:58.5436830Z 
build-and-release	Build simulator and unsigned device artifacts	2026-07-24T14:58:58.5437280Z SwiftExplicitDependencyGeneratePcm x86_64 /Users/runner/work/glance-HUD/glance-HUD/.build/DerivedData/simulator/ModuleCache.noindex/CoreText-H6I3ZI2JWSQJA6A2CCBAFLLU.pcm
build-and-release	Build simulator and unsigned device artifacts	2026-07-24T14:58:58.5437840Z 
build-and-release	Build simulator and unsigned device artifacts	2026-07-24T14:58:58.5438330Z SwiftExplicitDependencyGeneratePcm arm64 /Users/runner/work/glance-HUD/glance-HUD/.build/DerivedData/simulator/ModuleCache.noindex/CoreText-197PSAJLTOHDPMUX6NY6W5RXR.pcm
build-and-release	Build simulator and unsigned device artifacts	2026-07-24T14:58:58.5439030Z 
build-and-release	Build simulator and unsigned device artifacts	2026-07-24T14:58:58.5439490Z SwiftExplicitDependencyGeneratePcm arm64 /Users/runner/work/glance-HUD/glance-HUD/.build/DerivedData/simulator/ModuleCache.noindex/Foundation-1BGFXNS2RDXJR8EP1UX3UHMW3.pcm
build-and-release	Build simulator and unsigned device artifacts	2026-07-24T14:58:58.5440030Z 
build-and-release	Build simulator and unsigned device artifacts	2026-07-24T14:58:58.5440550Z SwiftExplicitDependencyGeneratePcm x86_64 /Users/runner/work/glance-HUD/glance-HUD/.build/DerivedData/simulator/ModuleCache.noindex/ImageIO-ICR92OA4MKAOBYTEEBGKLAO6.pcm
build-and-release	Build simulator and unsigned device artifacts	2026-07-24T14:58:58.5441080Z 
build-and-release	Build simulator and unsigned device artifacts	2026-07-24T14:58:58.5441590Z SwiftExplicitDependencyGeneratePcm arm64 /Users/runner/work/glance-HUD/glance-HUD/.build/DerivedData/simulator/ModuleCache.noindex/ImageIO-3RJ9XM1S9TEVUQQ1UJ23ZFM3I.pcm
build-and-release	Build simulator and unsigned device artifacts	2026-07-24T14:58:58.5442120Z 
build-and-release	Build simulator and unsigned device artifacts	2026-07-24T14:58:58.5442610Z SwiftExplicitDependencyGeneratePcm x86_64 /Users/runner/work/glance-HUD/glance-HUD/.build/DerivedData/simulator/ModuleCache.noindex/XPC-CD8XNDJ1JJWBT9D4B2OQMSHFQ.pcm
build-and-release	Build simulator and unsigned device artifacts	2026-07-24T14:58:58.5443230Z 
build-and-release	Build simulator and unsigned device artifacts	2026-07-24T14:58:58.5443750Z SwiftExplicitDependencyGeneratePcm arm64 /Users/runner/work/glance-HUD/glance-HUD/.build/DerivedData/simulator/ModuleCache.noindex/Accessibility-9DZFA0Y5M5LO8YEP6OFN4HE52.pcm
build-and-release	Build simulator and unsigned device artifacts	2026-07-24T14:58:58.5444340Z 
build-and-release	Build simulator and unsigned device artifacts	2026-07-24T14:58:58.5444820Z SwiftExplicitDependencyGeneratePcm arm64 /Users/runner/work/glance-HUD/glance-HUD/.build/DerivedData/simulator/ModuleCache.noindex/UserNotifications-40M8FHF3HUG0C3U7SGAV6587S.pcm
build-and-release	Build simulator and unsigned device artifacts	2026-07-24T14:58:58.5445430Z 
build-and-release	Build simulator and unsigned device artifacts	2026-07-24T14:58:58.5445900Z SwiftExplicitDependencyGeneratePcm x86_64 /Users/runner/work/glance-HUD/glance-HUD/.build/DerivedData/simulator/ModuleCache.noindex/os-3RZW55F78HKJJGK5ZMZNTDWU0.pcm
build-and-release	Build simulator and unsigned device artifacts	2026-07-24T14:58:58.5446450Z 
build-and-release	Build simulator and unsigned device artifacts	2026-07-24T14:58:58.5446910Z SwiftExplicitDependencyGeneratePcm arm64 /Users/runner/work/glance-HUD/glance-HUD/.build/DerivedData/simulator/ModuleCache.noindex/OpenGLES-5EHQLPXZ3A39K0RLZ5QT8LAEN.pcm
build-and-release	Build simulator and unsigned device artifacts	2026-07-24T14:58:58.5447440Z 
build-and-release	Build simulator and unsigned device artifacts	2026-07-24T14:58:58.5447910Z SwiftExplicitDependencyGeneratePcm arm64 /Users/runner/work/glance-HUD/glance-HUD/.build/DerivedData/simulator/ModuleCache.noindex/CoreBluetooth-2R14EV2I55MHE178P9H5BU7F0.pcm
build-and-release	Build simulator and unsigned device artifacts	2026-07-24T14:58:58.5448460Z 
build-and-release	Build simulator and unsigned device artifacts	2026-07-24T14:58:58.5448950Z SwiftExplicitDependencyGeneratePcm arm64 /Users/runner/work/glance-HUD/glance-HUD/.build/DerivedData/simulator/ModuleCache.noindex/OSLog-IPSDQQQONI6T6FI80HXSATZ5.pcm
build-and-release	Build simulator and unsigned device artifacts	2026-07-24T14:58:58.5449480Z 
build-and-release	Build simulator and unsigned device artifacts	2026-07-24T14:58:58.5450010Z SwiftExplicitDependencyGeneratePcm arm64 /Users/runner/work/glance-HUD/glance-HUD/.build/DerivedData/simulator/ModuleCache.noindex/DataDetection-E1R3GBQ3SB2F94ABFM40OA2O0.pcm
build-and-release	Build simulator and unsigned device artifacts	2026-07-24T14:58:58.5450600Z 
build-and-release	Build simulator and unsigned device artifacts	2026-07-24T14:58:58.5451110Z SwiftExplicitDependencyGeneratePcm arm64 /Users/runner/work/glance-HUD/glance-HUD/.build/DerivedData/simulator/ModuleCache.noindex/UIUtilities-VVTCH1IN4Q6SFR8SFILC11P9.pcm
build-and-release	Build simulator and unsigned device artifacts	2026-07-24T14:58:58.5451650Z 
build-and-release	Build simulator and unsigned device artifacts	2026-07-24T14:58:58.5452170Z SwiftExplicitDependencyGeneratePcm arm64 /Users/runner/work/glance-HUD/glance-HUD/.build/DerivedData/simulator/ModuleCache.noindex/UniformTypeIdentifiers-8QJF098Y1ORMIHU8JOIYVLOM7.pcm
build-and-release	Build simulator and unsigned device artifacts	2026-07-24T14:58:58.5452770Z 
build-and-release	Build simulator and unsigned device artifacts	2026-07-24T14:58:58.5453220Z SwiftExplicitDependencyGeneratePcm arm64 /Users/runner/work/glance-HUD/glance-HUD/.build/DerivedData/simulator/ModuleCache.noindex/CoreData-CG8135HMRUEUY5AW6DPGDZ6XR.pcm
build-and-release	Build simulator and unsigned device artifacts	2026-07-24T14:58:58.5453770Z 
build-and-release	Build simulator and unsigned device artifacts	2026-07-24T14:58:58.5454250Z SwiftExplicitDependencyGeneratePcm arm64 /Users/runner/work/glance-HUD/glance-HUD/.build/DerivedData/simulator/ModuleCache.noindex/CoreTransferable-97RZ1OUIWQTGEG7VX5NWSRLBS.pcm
build-and-release	Build simulator and unsigned device artifacts	2026-07-24T14:58:58.5454810Z 
build-and-release	Build simulator and unsigned device artifacts	2026-07-24T14:58:58.5455340Z SwiftExplicitDependencyGeneratePcm arm64 /Users/runner/work/glance-HUD/glance-HUD/.build/DerivedData/simulator/ModuleCache.noindex/Symbols-Q247ZVX0FN79A99MTJDLTJU9.pcm
build-and-release	Build simulator and unsigned device artifacts	2026-07-24T14:58:58.5455860Z 
build-and-release	Build simulator and unsigned device artifacts	2026-07-24T14:58:58.5456350Z SwiftExplicitDependencyGeneratePcm arm64 /Users/runner/work/glance-HUD/glance-HUD/.build/DerivedData/simulator/ModuleCache.noindex/_LocationEssentials-C6W10MHPVYCC66WQBO5P5KQBH.pcm
build-and-release	Build simulator and unsigned device artifacts	2026-07-24T14:58:58.5456920Z 
build-and-release	Build simulator and unsigned device artifacts	2026-07-24T14:58:58.5457370Z SwiftExplicitDependencyGeneratePcm arm64 /Users/runner/work/glance-HUD/glance-HUD/.build/DerivedData/simulator/ModuleCache.noindex/IOSurface-4O392MUCED1GPVF1QDI395F6G.pcm
build-and-release	Build simulator and unsigned device artifacts	2026-07-24T14:58:58.5458060Z 
build-and-release	Build simulator and unsigned device artifacts	2026-07-24T14:58:58.5458530Z SwiftExplicitDependencyGeneratePcm arm64 /Users/runner/work/glance-HUD/glance-HUD/.build/DerivedData/simulator/ModuleCache.noindex/FileProvider-8QEX4YEMSCTFNIAR370QX9RIP.pcm
build-and-release	Build simulator and unsigned device artifacts	2026-07-24T14:58:58.5459080Z 
build-and-release	Build simulator and unsigned device artifacts	2026-07-24T14:58:58.5459550Z SwiftExplicitDependencyGeneratePcm arm64 /Users/runner/work/glance-HUD/glance-HUD/.build/DerivedData/simulator/ModuleCache.noindex/CoreLocation-63B6Z3BFIJCJ3VNNWLU10KCDQ.pcm
build-and-release	Build simulator and unsigned device artifacts	2026-07-24T14:58:58.5460140Z 
build-and-release	Build simulator and unsigned device artifacts	2026-07-24T14:58:58.5460590Z SwiftExplicitDependencyGeneratePcm arm64 /Users/runner/work/glance-HUD/glance-HUD/.build/DerivedData/simulator/ModuleCache.noindex/Metal-BQC67FVLI4ZIG3MMBMGXKOWBK.pcm
build-and-release	Build simulator and unsigned device artifacts	2026-07-24T14:58:58.5461110Z 
build-and-release	Build simulator and unsigned device artifacts	2026-07-24T14:58:58.5461570Z SwiftExplicitDependencyGeneratePcm x86_64 /Users/runner/work/glance-HUD/glance-HUD/.build/DerivedData/simulator/ModuleCache.noindex/Foundation-3OLFRNZFBC514DE4DU6M2WKF4.pcm
build-and-release	Build simulator and unsigned device artifacts	2026-07-24T14:58:58.5462220Z 
build-and-release	Build simulator and unsigned device artifacts	2026-07-24T14:58:58.5462690Z SwiftExplicitDependencyGeneratePcm arm64 /Users/runner/work/glance-HUD/glance-HUD/.build/DerivedData/simulator/ModuleCache.noindex/CoreVideo-AJNLCL4ZZ7SVRN1YPIW6K3DX1.pcm
build-and-release	Build simulator and unsigned device artifacts	2026-07-24T14:58:58.5463230Z 
build-and-release	Build simulator and unsigned device artifacts	2026-07-24T14:58:58.5463690Z SwiftExplicitDependencyGeneratePcm arm64 /Users/runner/work/glance-HUD/glance-HUD/.build/DerivedData/simulator/ModuleCache.noindex/CoreImage-ER12PP9FC43MV47BB9T7XDKIC.pcm
build-and-release	Build simulator and unsigned device artifacts	2026-07-24T14:58:58.5464230Z 
build-and-release	Build simulator and unsigned device artifacts	2026-07-24T14:58:58.5464690Z SwiftExplicitDependencyGeneratePcm arm64 /Users/runner/work/glance-HUD/glance-HUD/.build/DerivedData/simulator/ModuleCache.noindex/QuartzCore-A2OFCXDRA0H7QAJN9NZPELGYF.pcm
build-and-release	Build simulator and unsigned device artifacts	2026-07-24T14:58:58.5465240Z 
build-and-release	Build simulator and unsigned device artifacts	2026-07-24T14:58:58.5465750Z SwiftExplicitDependencyGeneratePcm x86_64 /Users/runner/work/glance-HUD/glance-HUD/.build/DerivedData/simulator/ModuleCache.noindex/UniformTypeIdentifiers-BF9GSTWNDGPW8HUPF1Z6JOXYJ.pcm
build-and-release	Build simulator and unsigned device artifacts	2026-07-24T14:58:58.5466360Z 
build-and-release	Build simulator and unsigned device artifacts	2026-07-24T14:58:58.5466810Z SwiftExplicitDependencyGeneratePcm x86_64 /Users/runner/work/glance-HUD/glance-HUD/.build/DerivedData/simulator/ModuleCache.noindex/OSLog-7C1F9ZD90D7O7AY8BE0YXF2SZ.pcm
build-and-release	Build simulator and unsigned device artifacts	2026-07-24T14:58:58.5467340Z 
build-and-release	Build simulator and unsigned device artifacts	2026-07-24T14:58:58.5467800Z SwiftExplicitDependencyGeneratePcm arm64 /Users/runner/work/glance-HUD/glance-HUD/.build/DerivedData/simulator/ModuleCache.noindex/SwiftUICore-BCOH44N6WXFR5YKIV1UND97OA.pcm
build-and-release	Build simulator and unsigned device artifacts	2026-07-24T14:58:58.5468370Z 
build-and-release	Build simulator and unsigned device artifacts	2026-07-24T14:58:58.5468860Z SwiftExplicitDependencyGeneratePcm x86_64 /Users/runner/work/glance-HUD/glance-HUD/.build/DerivedData/simulator/ModuleCache.noindex/UIUtilities-8RRJE20E5IL00YFVYDABX5A9K.pcm
build-and-release	Build simulator and unsigned device artifacts	2026-07-24T14:58:58.5469430Z 
build-and-release	Build simulator and unsigned device artifacts	2026-07-24T14:58:58.5469900Z SwiftExplicitDependencyGeneratePcm x86_64 /Users/runner/work/glance-HUD/glance-HUD/.build/DerivedData/simulator/ModuleCache.noindex/IOSurface-8P8BSNRG38QFX5UEQFRVJ8FFL.pcm
build-and-release	Build simulator and unsigned device artifacts	2026-07-24T14:58:58.5470460Z 
build-and-release	Build simulator and unsigned device artifacts	2026-07-24T14:58:58.5470940Z SwiftExplicitDependencyGeneratePcm x86_64 /Users/runner/work/glance-HUD/glance-HUD/.build/DerivedData/simulator/ModuleCache.noindex/DataDetection-8VB2TMO75HLT6N2DM2XO5WK67.pcm
build-and-release	Build simulator and unsigned device artifacts	2026-07-24T14:58:58.5471530Z 
build-and-release	Build simulator and unsigned device artifacts	2026-07-24T14:58:58.5471990Z SwiftExplicitDependencyGeneratePcm x86_64 /Users/runner/work/glance-HUD/glance-HUD/.build/DerivedData/simulator/ModuleCache.noindex/OpenGLES-2L2XFK832K3XU8ZTBKG0Y6H27.pcm
build-and-release	Build simulator and unsigned device artifacts	2026-07-24T14:58:58.5472550Z 
build-and-release	Build simulator and unsigned device artifacts	2026-07-24T14:58:58.5473010Z SwiftExplicitDependencyGeneratePcm x86_64 /Users/runner/work/glance-HUD/glance-HUD/.build/DerivedData/simulator/ModuleCache.noindex/Metal-7EM2QBB310NHB2GBRD3EVHUU9.pcm
build-and-release	Build simulator and unsigned device artifacts	2026-07-24T14:58:58.5473560Z 
build-and-release	Build simulator and unsigned device artifacts	2026-07-24T14:58:58.5474080Z SwiftExplicitDependencyGeneratePcm x86_64 /Users/runner/work/glance-HUD/glance-HUD/.build/DerivedData/simulator/ModuleCache.noindex/UserNotifications-79SILKY0D4ELGT0S5CZHVCFEX.pcm
build-and-release	Build simulator and unsigned device artifacts	2026-07-24T14:58:58.5474680Z 
build-and-release	Build simulator and unsigned device artifacts	2026-07-24T14:58:58.5475190Z SwiftExplicitDependencyGeneratePcm x86_64 /Users/runner/work/glance-HUD/glance-HUD/.build/DerivedData/simulator/ModuleCache.noindex/CoreTransferable-7GVBWDRIVPKNSLCVLTA63LXQ3.pcm
build-and-release	Build simulator and unsigned device artifacts	2026-07-24T14:58:58.5476060Z 
build-and-release	Build simulator and unsigned device artifacts	2026-07-24T14:58:58.5476530Z SwiftExplicitDependencyGeneratePcm x86_64 /Users/runner/work/glance-HUD/glance-HUD/.build/DerivedData/simulator/ModuleCache.noindex/CoreData-3W3PWFREN06TCHFP3FPYANDD2.pcm
build-and-release	Build simulator and unsigned device artifacts	2026-07-24T14:58:58.5477080Z 
build-and-release	Build simulator and unsigned device artifacts	2026-07-24T14:58:58.5477540Z SwiftExplicitDependencyGeneratePcm x86_64 /Users/runner/work/glance-HUD/glance-HUD/.build/DerivedData/simulator/ModuleCache.noindex/CoreVideo-46HAANS00NTKH1EUY25090R9Q.pcm
build-and-release	Build simulator and unsigned device artifacts	2026-07-24T14:58:58.5478090Z 
build-and-release	Build simulator and unsigned device artifacts	2026-07-24T14:58:58.5478580Z SwiftExplicitDependencyGeneratePcm x86_64 /Users/runner/work/glance-HUD/glance-HUD/.build/DerivedData/simulator/ModuleCache.noindex/Accessibility-6ZIA9YK6CNBUGCF130E2TTPBW.pcm
build-and-release	Build simulator and unsigned device artifacts	2026-07-24T14:58:58.5479140Z 
build-and-release	Build simulator and unsigned device artifacts	2026-07-24T14:58:58.5479600Z SwiftExplicitDependencyGeneratePcm arm64 /Users/runner/work/glance-HUD/glance-HUD/.build/DerivedData/simulator/ModuleCache.noindex/UIKit-6D4B0YNQVGIKUHWXLPM29BI2Q.pcm
build-and-release	Build simulator and unsigned device artifacts	2026-07-24T14:58:58.5480130Z 
build-and-release	Build simulator and unsigned device artifacts	2026-07-24T14:58:58.5480690Z SwiftExplicitDependencyGeneratePcm x86_64 /Users/runner/work/glance-HUD/glance-HUD/.build/DerivedData/simulator/ModuleCache.noindex/QuartzCore-OV97F1E12GTBEANATOXYJVZA.pcm
build-and-release	Build simulator and unsigned device artifacts	2026-07-24T14:58:58.5481240Z 
build-and-release	Build simulator and unsigned device artifacts	2026-07-24T14:58:58.5481720Z SwiftExplicitDependencyGeneratePcm x86_64 /Users/runner/work/glance-HUD/glance-HUD/.build/DerivedData/simulator/ModuleCache.noindex/FileProvider-2KL3ILHGZK3XP1SUAU5NU5T34.pcm
build-and-release	Build simulator and unsigned device artifacts	2026-07-24T14:58:58.5482280Z 
build-and-release	Build simulator and unsigned device artifacts	2026-07-24T14:58:58.5482770Z SwiftExplicitDependencyGeneratePcm x86_64 /Users/runner/work/glance-HUD/glance-HUD/.build/DerivedData/simulator/ModuleCache.noindex/SwiftUICore-5VIT3HKC21U0IK2DN5QWND06S.pcm
build-and-release	Build simulator and unsigned device artifacts	2026-07-24T14:58:58.5483330Z 
build-and-release	Build simulator and unsigned device artifacts	2026-07-24T14:58:58.5483810Z SwiftExplicitDependencyGeneratePcm x86_64 /Users/runner/work/glance-HUD/glance-HUD/.build/DerivedData/simulator/ModuleCache.noindex/CoreImage-3B321HSVEEX85J2WBJEPB7ZJJ.pcm
build-and-release	Build simulator and unsigned device artifacts	2026-07-24T14:58:58.5484370Z 
build-and-release	Build simulator and unsigned device artifacts	2026-07-24T14:58:58.5484850Z SwiftExplicitDependencyGeneratePcm x86_64 /Users/runner/work/glance-HUD/glance-HUD/.build/DerivedData/simulator/ModuleCache.noindex/CoreBluetooth-EXJFH5GGQ5Y3KN6J0H7XW3WAU.pcm
build-and-release	Build simulator and unsigned device artifacts	2026-07-24T14:58:58.5485430Z 
build-and-release	Build simulator and unsigned device artifacts	2026-07-24T14:58:58.5485930Z SwiftExplicitDependencyGeneratePcm x86_64 /Users/runner/work/glance-HUD/glance-HUD/.build/DerivedData/simulator/ModuleCache.noindex/_LocationEssentials-1TSU21F72AIY1XQMD9WLUV7YC.pcm
build-and-release	Build simulator and unsigned device artifacts	2026-07-24T14:58:58.5486530Z 
build-and-release	Build simulator and unsigned device artifacts	2026-07-24T14:58:58.5487000Z SwiftExplicitDependencyGeneratePcm x86_64 /Users/runner/work/glance-HUD/glance-HUD/.build/DerivedData/simulator/ModuleCache.noindex/Symbols-6LN4FXKBUJUHODUTUW4CDSNH2.pcm
build-and-release	Build simulator and unsigned device artifacts	2026-07-24T14:58:58.5487550Z 
build-and-release	Build simulator and unsigned device artifacts	2026-07-24T14:58:58.5488020Z SwiftExplicitDependencyGeneratePcm x86_64 /Users/runner/work/glance-HUD/glance-HUD/.build/DerivedData/simulator/ModuleCache.noindex/CoreLocation-CQXG3972H3RU0ZMJXE2GPRHRJ.pcm
build-and-release	Build simulator and unsigned device artifacts	2026-07-24T14:58:58.5488590Z 
build-and-release	Build simulator and unsigned device artifacts	2026-07-24T14:58:58.5489040Z SwiftExplicitDependencyGeneratePcm x86_64 /Users/runner/work/glance-HUD/glance-HUD/.build/DerivedData/simulator/ModuleCache.noindex/UIKit-2STF4ZY0B7BFR9XOQU14YE1HB.pcm
build-and-release	Build simulator and unsigned device artifacts	2026-07-24T14:58:58.5489580Z 
build-and-release	Build simulator and unsigned device artifacts	2026-07-24T14:58:58.5490050Z SwiftExplicitDependencyGeneratePcm arm64 /Users/runner/work/glance-HUD/glance-HUD/.build/DerivedData/simulator/ModuleCache.noindex/SwiftUI-7EESTEDSFAACR0YUNL8TJOVQ6.pcm
build-and-release	Build simulator and unsigned device artifacts	2026-07-24T14:58:58.5490660Z 
build-and-release	Build simulator and unsigned device artifacts	2026-07-24T14:58:58.5544510Z SwiftCompile normal arm64 Compiling\ BLELogEntry.swift,\ BLEService.swift,\ BLEViewModel.swift,\ HomeView.swift,\ HUDAppApp.swift,\ HUDPacket.swift,\ HUDBLEConstants.swift,\ LocationService.swift,\ WeatherService.swift,\ WeatherSnapshot.swift,\ GeneratedAssetSymbols.swift /Users/runner/work/glance-HUD/glance-HUD/HUDApp/Models/BLELogEntry.swift /Users/runner/work/glance-HUD/glance-HUD/HUDApp/Services/BLEService.swift /Users/runner/work/glance-HUD/glance-HUD/HUDApp/ViewModels/BLEViewModel.swift /Users/runner/work/glance-HUD/glance-HUD/HUDApp/Views/HomeView.swift /Users/runner/work/glance-HUD/glance-HUD/HUDApp/HUDAppApp.swift /Users/runner/work/glance-HUD/glance-HUD/HUDApp/Models/HUDPacket.swift /Users/runner/work/glance-HUD/glance-HUD/HUDApp/Models/HUDBLEConstants.swift /Users/runner/work/glance-HUD/glance-HUD/HUDApp/Services/LocationService.swift /Users/runner/work/glance-HUD/glance-HUD/HUDApp/Services/WeatherService.swift /Users/runner/work/glance-HUD/glance-HUD/HUDApp/Models/WeatherSnapshot.swift /Users/runner/work/glance-HUD/glance-HUD/.build/DerivedData/simulator/Build/Intermediates.noindex/HUDApp.build/Release-iphonesimulator/HUDApp.build/DerivedSources/GeneratedAssetSymbols.swift /Applications/Xcode_26.6.app/Contents/Developer/Toolchains/XcodeDefault.xctoolchain/usr/lib/swift/iphonesimulator/prebuilt-modules/26.5/simd.swiftmodule/arm64-apple-ios-simulator.swiftmodule /Applications/Xcode_26.6.app/Contents/Developer/Toolchains/XcodeDefault.xctoolchain/usr/lib/swift/iphonesimulator/prebuilt-modules/26.5/_DarwinFoundation1.swiftmodule/arm64-apple-ios-simulator.swiftmodule /Applications/Xcode_26.6.app/Contents/Developer/Toolchains/XcodeDefault.xctoolchain/usr/lib/swift/iphonesimulator/prebuilt-modules/26.5/Symbols.swiftmodule/arm64-apple-ios-simulator.swiftmodule /Applications/Xcode_26.6.app/Contents/Developer/Toolchains/XcodeDefault.xctoolchain/usr/lib/swift/iphonesimulator/prebuilt-modules/26.5/CoreTransferable.swiftmodule/arm64-apple-ios-simulator.swiftmodule /Applications/Xcode_26.6.app/Contents/Developer/Toolchains/XcodeDefault.xctoolchain/usr/lib/swift/iphonesimulator/prebuilt-modules/26.5/SwiftUI.swiftmodule/arm64-apple-ios-simulator.swiftmodule /Applications/Xcode_26.6.app/Contents/Developer/Toolchains/XcodeDefault.xctoolchain/usr/lib/swift/iphonesimulator/prebuilt-modules/26.5/_DarwinFoundation2.swiftmodule/arm64-apple-ios-simulator.swiftmodule /Applications/Xcode_26.6.app/Contents/Developer/Toolchains/XcodeDefault.xctoolchain/usr/lib/swift/iphonesimulator/prebuilt-modules/26.5/_Builtin_float.swiftmodule/arm64-apple-ios-simulator.swiftmodule /Applications/Xcode_26.6.app/Contents/Developer/Toolchains/XcodeDefault.xctoolchain/usr/lib/swift/iphonesimulator/prebuilt-modules/26.5/Spatial.swiftmodule/arm64-apple-ios-simulator.swiftmodule /Applications/Xcode_26.6.app/Contents/Developer/Toolchains/XcodeDefault.xctoolchain/usr/lib/swift/iphonesimulator/prebuilt-modules/26.5/SwiftUICore.swiftmodule/arm64-apple-ios-simulator.swiftmodule /Applications/Xcode_26.6.app/Contents/Developer/Toolchains/XcodeDefault.xctoolchain/usr/lib/swift/iphonesimulator/prebuilt-modules/26.5/Swift.swiftmodule/arm64-apple-ios-simulator.swiftmodule /Applications/Xcode_26.6.app/Contents/Developer/Toolchains/XcodeDefault.xctoolchain/usr/lib/swift/iphonesimulator/prebuilt-modules/26.5/QuartzCore.swiftmodule/arm64-apple-ios-simulator.swiftmodule /Applications/Xcode_26.6.app/Contents/Developer/Toolchains/XcodeDefault.xctoolchain/usr/lib/swift/iphonesimulator/prebuilt-modules/26.5/os.swiftmodule/arm64-apple-ios-simulator.swiftmodule /Applications/Xcode_26.6.app/Contents/Developer/Toolchains/XcodeDefault.xctoolchain/usr/lib/swift/iphonesimulator/prebuilt-modules/26.5/UniformTypeIdentifiers.swiftmodule/arm64-apple-ios-simulator.swiftmodule /Applications/Xcode_26.6.app/Contents/Developer/Toolchains/XcodeDefault.xctoolchain/usr/lib/swift/iphonesimulator/prebuilt-modules/26.5/_StringProcessing.swiftmodule/arm64-apple-ios-simulator.swiftmodule /Applications/Xcode_26.6.app/Contents/Developer/Toolchains/XcodeDefault.xctoolchain/usr/lib/swift/iphonesimulator/prebuilt-modules/26.5/DataDetection.swiftmodule/arm64-apple-ios-simulator.swiftmodule /Applications/Xcode_26.6.app/Contents/Developer/Toolchains/XcodeDefault.xctoolchain/usr/lib/swift/iphonesimulator/prebuilt-modules/26.5/CoreGraphics.swiftmodule/arm64-apple-ios-simulator.swiftmodule /Applications/Xcode_26.6.app/Contents/Developer/Toolchains/XcodeDefault.xctoolchain/usr/lib/swift/iphonesimulator/prebuilt-modules/26.5/Dispatch.swiftmodule/arm64-apple-ios-simulator.swiftmodule /Applications/Xcode_26.6.app/Contents/Developer/Toolchains/XcodeDefault.xctoolchain/usr/lib/swift/iphonesimulator/prebuilt-modules/26.5/CoreData.swiftmodule/arm64-apple-ios-simulator.swiftmodule /Applications/Xcode_26.6.app/Contents/Developer/Toolchains/XcodeDefault.xctoolchain/usr/lib/swift/iphonesimulator/prebuilt-modules/26.5/Combine.swiftmodule/arm64-apple-ios-simulator.swiftmodule /Applications/Xcode_26.6.app/Contents/Developer/Toolchains/XcodeDefault.xctoolchain/usr/lib/swift/iphonesimulator/prebuilt-modules/26.5/FileProvider.swiftmodule/arm64-apple-ios-simulator.swiftmodule /Applications/Xcode_26.6.app/Contents/Developer/Toolchains/XcodeDefault.xctoolchain/usr/lib/swift/iphonesimulator/prebuilt-modules/26.5/ObjectiveC.swiftmodule/arm64-apple-ios-simulator.swiftmodule /Applications/Xcode_26.6.app/Contents/Developer/Toolchains/XcodeDefault.xctoolchain/usr/lib/swift/iphonesimulator/prebuilt-modules/26.5/CoreVideo.swiftmodule/arm64-apple-ios-simulator.swiftmodule /Applications/Xcode_26.6.app/Contents/Developer/Toolchains/XcodeDefault.xctoolchain/usr/lib/swift/iphonesimulator/prebuilt-modules/26.5/Observation.swiftmodule/arm64-apple-ios-simulator.swiftmodule /Applications/Xcode_26.6.app/Contents/Developer/Toolchains/XcodeDefault.xctoolchain/usr/lib/swift/iphonesimulator/prebuilt-modules/26.5/DeveloperToolsSupport.swiftmodule/arm64-apple-ios-simulator.swiftmodule /Applications/Xcode_26.6.app/Contents/Developer/Toolchains/XcodeDefault.xctoolchain/usr/lib/swift/iphonesimulator/prebuilt-modules/26.5/Darwin.swiftmodule/arm64-apple-ios-simulator.swiftmodule /Applications/Xcode_26.6.app/Contents/Developer/Toolchains/XcodeDefault.xctoolchain/usr/lib/swift/iphonesimulator/prebuilt-modules/26.5/Accessibility.swiftmodule/arm64-apple-ios-simulator.swiftmodule /Applications/Xcode_26.6.app/Contents/Developer/Toolchains/XcodeDefault.xctoolchain/usr/lib/swift/iphonesimulator/prebuilt-modules/26.5/System.swiftmodule/arm64-apple-ios-simulator.swiftmodule /Applications/Xcode_26.6.app/Contents/Developer/Toolchains/XcodeDefault.xctoolchain/usr/lib/swift/iphonesimulator/prebuilt-modules/26.5/OSLog.swiftmodule/arm64-apple-ios-simulator.swiftmodule /Applications/Xcode_26.6.app/Contents/Developer/Toolchains/XcodeDefault.xctoolchain/usr/lib/swift/iphonesimulator/prebuilt-modules/26.5/Foundation.swiftmodule/arm64-apple-ios-simulator.swiftmodule /Applications/Xcode_26.6.app/Contents/Developer/Toolchains/XcodeDefault.xctoolchain/usr/lib/swift/iphonesimulator/prebuilt-modules/26.5/CoreLocation.swiftmodule/arm64-apple-ios-simulator.swiftmodule /Applications/Xcode_26.6.app/Contents/Developer/Toolchains/XcodeDefault.xctoolchain/usr/lib/swift/iphonesimulator/prebuilt-modules/26.5/CoreFoundation.swiftmodule/arm64-apple-ios-simulator.swiftmodule /Applications/Xcode_26.6.app/Contents/Developer/Toolchains/XcodeDefault.xctoolchain/usr/lib/swift/iphonesimulator/prebuilt-modules/26.5/_DarwinFoundation3.swiftmodule/arm64-apple-ios-simulator.swiftmodule /Applications/Xcode_26.6.app/Contents/Developer/Toolchains/XcodeDefault.xctoolchain/usr/lib/swift/iphonesimulator/prebuilt-modules/26.5/Metal.swiftmodule/arm64-apple-ios-simulator.swiftmodule /Applications/Xcode_26.6.app/Contents/Developer/Toolchains/XcodeDefault.xctoolchain/usr/lib/swift/iphonesimulator/prebuilt-modules/26.5/CoreImage.swiftmodule/arm64-apple-ios-simulator.swiftmodule /Applications/Xcode_26.6.app/Contents/Developer/Toolchains/XcodeDefault.xctoolchain/usr/lib/swift/iphonesimulator/prebuilt-modules/26.5/UIKit.swiftmodule/arm64-apple-ios-simulator.swiftmodule /Applications/Xcode_26.6.app/Contents/Developer/Toolchains/XcodeDefault.xctoolchain/usr/lib/swift/iphonesimulator/prebuilt-modules/26.5/CoreText.swiftmodule/arm64-apple-ios-simulator.swiftmodule /Applications/Xcode_26.6.app/Contents/Developer/Toolchains/XcodeDefault.xctoolchain/usr/lib/swift/iphonesimulator/prebuilt-modules/26.5/XPC.swiftmodule/arm64-apple-ios-simulator.swiftmodule /Applications/Xcode_26.6.app/Contents/Developer/Toolchains/XcodeDefault.xctoolchain/usr/lib/swift/iphonesimulator/prebuilt-modules/26.5/_Concurrency.swiftmodule/arm64-apple-ios-simulator.swiftmodule /Users/runner/work/glance-HUD/glance-HUD/.build/DerivedData/simulator/ModuleCache.noindex/CoreData-CG8135HMRUEUY5AW6DPGDZ6XR.pcm /Users/runner/work/glance-HUD/glance-HUD/.build/DerivedData/simulator/ModuleCache.noindex/os_object-BBH2UF3WT2OOMSF2IV73XAPSR.pcm /Users/runner/work/glance-HUD/glance-HUD/.build/DerivedData/simulator/ModuleCache.noindex/CoreTransferable-97RZ1OUIWQTGEG7VX5NWSRLBS.pcm /Users/runner/work/glance-HUD/glance-HUD/.build/DerivedData/simulator/ModuleCache.noindex/Darwin-CR0SH9ZA770XQ721G8PAWYGVN.pcm /Users/runner/work/glance-HUD/glance-HUD/.build/DerivedData/simulator/ModuleCache.noindex/DeveloperToolsSupport-5RHJ3SY5XSLDPY65QMGH74JU5.pcm /Users/runner/work/glance-HUD/glance-HUD/.build/DerivedData/simulator/ModuleCache.noindex/os_workgroup-D1KCR2Z5NQ1JHPZBN5N4TPZM1.pcm /Users/runner/work/glance-HUD/glance-HUD/.build/DerivedData/simulator/ModuleCache.noindex/_Builtin_limits-9ZQT4NENH9O3WSNI8HTHNDO67.pcm /Users/runner/work/glance-HUD/glance-HUD/.build/DerivedData/simulator/ModuleCache.noindex/Security-8OHGG60CS4E509TH7CC6B2WF5.pcm /Users/runner/work/glance-HUD/glance-HUD/.build/DerivedData/simulator/ModuleCache.noindex/_Builtin_stdbool-BJL57JZD5FWQYRK4VHISW4HKJ.pcm /Users/runner/work/glance-HUD/glance-HUD/.build/DerivedData/simulator/ModuleCache.noindex/UIKit-6D4B0YNQVGIKUHWXLPM29BI2Q.pcm /Users/runner/work/glance-HUD/glance-HUD/.build/DerivedData/simulator/ModuleCache.noindex/OpenGLES-5EHQLPXZ3A39K0RLZ5QT8LAEN.pcm /Users/runner/work/glance-HUD/glance-HUD/.build/DerivedData/simulator/ModuleCache.noindex/_DarwinFoundation2-3SAZBA6ZLJK7B32CAD13EP861.pcm /Users/runner/work/glance-HUD/glance-HUD/.build/DerivedData/simulator/ModuleCache.noindex/_Builtin_stdatomic-B65QH3R7LT4I3DAMFEUEK2HEI.pcm /Users/runner/work/glance-HUD/glance-HUD/.build/DerivedData/simulator/ModuleCache.noindex/FileProvider-8QEX4YEMSCTFNIAR370QX9RIP.pcm /Users/runner/work/glance-HUD/glance-HUD/.build/DerivedData/simulator/ModuleCache.noindex/CoreImage-ER12PP9FC43MV47BB9T7XDKIC.pcm /Users/runner/work/glance-HUD/glance-HUD/.build/DerivedData/simulator/ModuleCache.noindex/Dispatch-BJBQKBCDGBTMCV27O5KUUYAOB.pcm /Users/runner/work/glance-HUD/glance-HUD/.build/DerivedData/simulator/ModuleCache.noindex/_DarwinFoundation1-ADIFBQQNHKP83FU4UJ5SCFJCJ.pcm /Users/runner/work/glance-HUD/glance-HUD/.build/DerivedData/simulator/ModuleCache.noindex/_Builtin_tgmath-BZYZL43XQIWEN2OTLYHGKR301.pcm /Users/runner/work/glance-HUD/glance-HUD/.build/DerivedData/simulator/ModuleCache.noindex/os-3AF6C37K9AH7WSJ2VRNOGY85N.pcm /Users/runner/work/glance-HUD/glance-HUD/.build/DerivedData/simulator/ModuleCache.noindex/ptrauth-AGNUL7DDLA1OYZNJXCA3M2JLE.pcm /Users/runner/work/glance-HUD/glance-HUD/.build/DerivedData/simulator/ModuleCache.noindex/OSLog-IPSDQQQONI6T6FI80HXSATZ5.pcm /Users/runner/work/glance-HUD/glance-HUD/.build/DerivedData/simulator/ModuleCache.noindex/ImageIO-3RJ9XM1S9TEVUQQ1UJ23ZFM3I.pcm /Users/runner/work/glance-HUD/glance-HUD/.build/DerivedData/simulator/ModuleCache.noindex/ObjectiveC-B2FCIOFKW1FSG54SQ6Z6TOQUT.pcm /Users/runner/work/glance-HUD/glance-HUD/.build/DerivedData/simulator/ModuleCache.noindex/simd-AQR3HEP09MYFEOR3SZROTVZR.pcm /Users/runner/work/glance-HUD/glance-HUD/.build/DerivedData/simulator/ModuleCache.noindex/SwiftUICore-BCOH44N6WXFR5YKIV1UND97OA.pcm /Users/runner/work/glance-HUD/glance-HUD/.build/DerivedData/simulator/ModuleCache.noindex/UniformTypeIdentifiers-8QJF098Y1ORMIHU8JOIYVLOM7.pcm /Users/runner/work/glance-HUD/glance-HUD/.build/DerivedData/simulator/ModuleCache.noindex/QuartzCore-A2OFCXDRA0H7QAJN9NZPELGYF.pcm /Users/runner/work/glance-HUD/glance-HUD/.build/DerivedData/simulator/ModuleCache.noindex/CoreGraphics-EB6134BFMY1P7XU9VVL117IRH.pcm /Users/runner/work/glance-HUD/glance-HUD/.build/DerivedData/simulator/ModuleCache.noindex/_DarwinFoundation3-3C6JEGGY4K5S3VR10TNVP333T.pcm /Users/runner/work/glance-HUD/glance-HUD/.build/DerivedData/simulator/ModuleCache.noindex/DataDetection-E1R3GBQ3SB2F94ABFM40OA2O0.pcm /Users/runner/work/glance-HUD/glance-HUD/.build/DerivedData/simulator/ModuleCache.noindex/_Builtin_stdint-8XEKNBS609XKPYND9NSTT4FJ3.pcm /Users/runner/work/glance-HUD/glance-HUD/.build/DerivedData/simulator/ModuleCache.noindex/CFNetwork-DEPP0B23JU9G7XONUIEKBLZ39.pcm /Users/runner/work/glance-HUD/glance-HUD/.build/DerivedData/simulator/ModuleCache.noindex/Spatial-2E3Z1OICJV01JC8HV7UB16995.pcm /Users/runner/work/glance-HUD/glance-HUD/.build/DerivedData/simulator/ModuleCache.noindex/_Builtin_inttypes-ARQ3L3B5X36K6MGCU4JG4GDKL.pcm /Users/runner/work/glance-HUD/glance-HUD/.build/DerivedData/simulator/ModuleCache.noindex/UserNotifications-40M8FHF3HUG0C3U7SGAV6587S.pcm /Users/runner/work/glance-HUD/glance-HUD/.build/DerivedData/simulator/ModuleCache.noindex/_LocationEssentials-C6W10MHPVYCC66WQBO5P5KQBH.pcm /Users/runner/work/glance-HUD/glance-HUD/.build/DerivedData/simulator/ModuleCache.noindex/Metal-BQC67FVLI4ZIG3MMBMGXKOWBK.pcm /Users/runner/work/glance-HUD/glance-HUD/.build/DerivedData/simulator/ModuleCache.noindex/CoreLocation-63B6Z3BFIJCJ3VNNWLU10KCDQ.pcm /Users/runner/work/glance-HUD/glance-HUD/.build/DerivedData/simulator/ModuleCache.noindex/CoreBluetooth-2R14EV2I55MHE178P9H5BU7F0.pcm /Users/runner/work/glance-HUD/glance-HUD/.build/DerivedData/simulator/ModuleCache.noindex/_SwiftConcurrencyShims-DLIWQOY794GNGTH43S4J3ON2S.pcm /Users/runner/work/glance-HUD/glance-HUD/.build/DerivedData/simulator/ModuleCache.noindex/_Builtin_stdarg-2P3M51J1030THV6SLQNKTPV61.pcm /Users/runner/work/glance-HUD/glance-HUD/.build/DerivedData/simulator/ModuleCache.noindex/CoreFoundation-1U5TUVNK65J9XUE2E2GSYJXLQ.pcm /Users/runner/work/glance-HUD/glance-HUD/.build/DerivedData/simulator/ModuleCache.noindex/_AvailabilityInternal-E3T4IIILL1PXXYMP2JWS4SG5R.pcm /Users/runner/work/glance-HUD/glance-HUD/.build/DerivedData/simulator/ModuleCache.noindex/SwiftUI-7EESTEDSFAACR0YUNL8TJOVQ6.pcm /Users/runner/work/glance-HUD/glance-HUD/.build/DerivedData/simulator/ModuleCache.noindex/UIUtilities-VVTCH1IN4Q6SFR8SFILC11P9.pcm /Users/runner/work/glance-HUD/glance-HUD/.build/DerivedData/simulator/ModuleCache.noindex/MachO-12141XJUA56RFMQ8TTCC0E2KK.pcm /Users/runner/work/glance-HUD/glance-HUD/.build/DerivedData/simulator/ModuleCache.noindex/IOSurface-4O392MUCED1GPVF1QDI395F6G.pcm /Users/runner/work/glance-HUD/glance-HUD/.build/DerivedData/simulator/ModuleCache.noindex/_Builtin_float-53EQA17836PEAK93Z4T8JLSK7.pcm /Users/runner/work/glance-HUD/glance-HUD/.build/DerivedData/simulator/ModuleCache.noindex/XPC-DUYER0EWDGWCAUV825CQ6LTXY.pcm /Users/runner/work/glance-HUD/glance-HUD/.build/DerivedData/simulator/ModuleCache.noindex/Foundation-1BGFXNS2RDXJR8EP1UX3UHMW3.pcm /Users/runner/work/glance-HUD/glance-HUD/.build/DerivedData/simulator/ModuleCache.noindex/Accessibility-9DZFA0Y5M5LO8YEP6OFN4HE52.pcm /Users/runner/work/glance-HUD/glance-HUD/.build/DerivedData/simulator/ModuleCache.noindex/sys_types-DHAMTOVNZSVOH8ETBEGD2PAMR.pcm /Users/runner/work/glance-HUD/glance-HUD/.build/DerivedData/simulator/ModuleCache.noindex/_Builtin_stddef-EYDXMLC6TJZGPU2V4AQ94SCWE.pcm /Users/runner/work/glance-HUD/glance-HUD/.build/DerivedData/simulator/ModuleCache.noindex/CoreVideo-AJNLCL4ZZ7SVRN1YPIW6K3DX1.pcm /Users/runner/work/glance-HUD/glance-HUD/.build/DerivedData/simulator/ModuleCache.noindex/SwiftShims-4GXV6NON9SZCC3H0WLSNWKFLA.pcm /Users/runner/work/glance-HUD/glance-HUD/.build/DerivedData/simulator/ModuleCache.noindex/CoreText-197PSAJLTOHDPMUX6NY6W5RXR.pcm /Users/runner/work/glance-HUD/glance-HUD/.build/DerivedData/simulator/ModuleCache.noindex/Symbols-Q247ZVX0FN79A99MTJDLTJU9.pcm /Users/runner/work/glance-HUD/glance-HUD/.build/DerivedData/simulator/ModuleCache.noindex/_Builtin_intrinsics-4XM1A7IYGHIYTV0Q8ZEPJ4XO0.pcm /Users/runner/work/glance-HUD/glance-HUD/.build/DerivedData/simulator/ModuleCache.noindex/ptrcheck-7MQ0P4SJRUQ4O2EM9W051RZ7Z.pcm /Users/runner/work/glance-HUD/glance-HUD/.build/DerivedData/simulator/Build/Intermediates.noindex/HUDApp.build/Release-iphonesimulator/HUDApp.build/Objects-normal/arm64/HUDApp-dependencies-2.json (in target 'HUDApp' from project 'HUDApp')
build-and-release	Build simulator and unsigned device artifacts	2026-07-24T14:58:58.5626390Z Failed frontend command:
build-and-release	Build simulator and unsigned device artifacts	2026-07-24T14:58:58.5662720Z /Applications/Xcode_26.6.app/Contents/Developer/Toolchains/XcodeDefault.xctoolchain/usr/bin/swift-frontend -frontend -c /Users/runner/work/glance-HUD/glance-HUD/HUDApp/Models/BLELogEntry.swift /Users/runner/work/glance-HUD/glance-HUD/HUDApp/Services/BLEService.swift /Users/runner/work/glance-HUD/glance-HUD/HUDApp/ViewModels/BLEViewModel.swift /Users/runner/work/glance-HUD/glance-HUD/HUDApp/Views/HomeView.swift /Users/runner/work/glance-HUD/glance-HUD/HUDApp/HUDAppApp.swift /Users/runner/work/glance-HUD/glance-HUD/HUDApp/Models/HUDPacket.swift /Users/runner/work/glance-HUD/glance-HUD/HUDApp/Models/HUDBLEConstants.swift /Users/runner/work/glance-HUD/glance-HUD/HUDApp/Services/LocationService.swift /Users/runner/work/glance-HUD/glance-HUD/HUDApp/Services/WeatherService.swift /Users/runner/work/glance-HUD/glance-HUD/HUDApp/Models/WeatherSnapshot.swift /Users/runner/work/glance-HUD/glance-HUD/.build/DerivedData/simulator/Build/Intermediates.noindex/HUDApp.build/Release-iphonesimulator/HUDApp.build/DerivedSources/GeneratedAssetSymbols.swift -supplementary-output-file-map /Users/runner/work/glance-HUD/glance-HUD/.build/DerivedData/simulator/Build/Intermediates.noindex/HUDApp.build/Release-iphonesimulator/HUDApp.build/Objects-normal/arm64/supplementaryOutputs-2 -emit-localized-strings -emit-localized-strings-path /Users/runner/work/glance-HUD/glance-HUD/.build/DerivedData/simulator/Build/Intermediates.noindex/HUDApp.build/Release-iphonesimulator/HUDApp.build/Objects-normal/arm64 -target arm64-apple-ios15.0-simulator -module-can-import-version DeveloperToolsSupport 23.40.26 23.40.26 -module-can-import-version SwiftUI 7.5.3 7.5.3 -module-can-import-version UIKit 9126.5.5.2 9126.5.5 -load-resolved-plugin /Applications/Xcode_26.6.app/Contents/Developer/Platforms/iPhoneOS.platform/Developer/usr/lib/swift/host/plugins/libFoundationMacros.dylib\#/Applications/Xcode_26.6.app/Contents/Developer/Platforms/iPhoneOS.platform/Developer/usr/bin/swift-plugin-server\#FoundationMacros -load-resolved-plugin /Applications/Xcode_26.6.app/Contents/Developer/Platforms/iPhoneOS.platform/Developer/usr/lib/swift/host/plugins/libObservationMacros.dylib\#/Applications/Xcode_26.6.app/Contents/Developer/Platforms/iPhoneOS.platform/Developer/usr/bin/swift-plugin-server\#ObservationMacros -load-resolved-plugin /Applications/Xcode_26.6.app/Contents/Developer/Platforms/iPhoneOS.platform/Developer/usr/lib/swift/host/plugins/libPreviewsMacros.dylib\#/Applications/Xcode_26.6.app/Contents/Developer/Platforms/iPhoneOS.platform/Developer/usr/bin/swift-plugin-server\#PreviewsMacros -load-resolved-plugin /Applications/Xcode_26.6.app/Contents/Developer/Platforms/iPhoneOS.platform/Developer/usr/lib/swift/host/plugins/libSwiftMacros.dylib\#/Applications/Xcode_26.6.app/Contents/Developer/Platforms/iPhoneOS.platform/Developer/usr/bin/swift-plugin-server\#SwiftMacros -load-resolved-plugin /Applications/Xcode_26.6.app/Contents/Developer/Platforms/iPhoneOS.platform/Developer/usr/lib/swift/host/plugins/libSwiftUIMacros.dylib\#/Applications/Xcode_26.6.app/Contents/Developer/Platforms/iPhoneOS.platform/Developer/usr/bin/swift-plugin-server\#SwiftUIMacros -disable-implicit-swift-modules -Xcc -fno-implicit-modules -Xcc -fno-implicit-module-maps -explicit-swift-module-map-file /Users/runner/work/glance-HUD/glance-HUD/.build/DerivedData/simulator/Build/Intermediates.noindex/HUDApp.build/Release-iphonesimulator/HUDApp.build/Objects-normal/arm64/HUDApp-dependencies-2.json -debug-module-path /Users/runner/work/glance-HUD/glance-HUD/.build/DerivedData/simulator/Build/Intermediates.noindex/HUDApp.build/Release-iphonesimulator/HUDApp.build/Objects-normal/arm64/HUDApp.swiftmodule -Xllvm -aarch64-use-tbi -enable-objc-interop -sdk /Applications/Xcode_26.6.app/Contents/Developer/Platforms/iPhoneSimulator.platform/Developer/SDKs/iPhoneSimulator26.5.sdk -I /Users/runner/work/glance-HUD/glance-HUD/.build/DerivedData/simulator/Build/Products/Release-iphonesimulator -F /Users/runner/work/glance-HUD/glance-HUD/.build/DerivedData/simulator/Build/Products/Release-iphonesimulator -no-color-diagnostics -Xcc -fno-color-diagnostics -g -debug-info-format\=dwarf -dwarf-version\=4 -module-cache-path /Users/runner/work/glance-HUD/glance-HUD/.build/DerivedData/simulator/Build/Intermediates.noindex/SwiftExplicitPrecompiledModules -swift-version 5 -O -serialize-debugging-options -const-gather-protocols-file /Users/runner/work/glance-HUD/glance-HUD/.build/DerivedData/simulator/Build/Intermediates.noindex/HUDApp.build/Release-iphonesimulator/HUDApp.build/Objects-normal/arm64/HUDApp_const_extract_protocols.json -enable-experimental-feature DebugDescriptionMacro -enable-bare-slash-regex -empty-abi-descriptor -validate-clang-modules-once -clang-build-session-file /Users/runner/work/glance-HUD/glance-HUD/.build/DerivedData/simulator/ModuleCache.noindex/Session.modulevalidation -Xcc -working-directory -Xcc /Users/runner/work/glance-HUD/glance-HUD -file-compilation-dir /Users/runner/work/glance-HUD/glance-HUD -Xcc -ivfsstatcache -Xcc /Users/runner/work/glance-HUD/glance-HUD/.build/DerivedData/simulator/SDKStatCaches.noindex/iphonesimulator26.5-23F81a-688ef53f1462e2c8f657fdc38a81448ff45c64a1807a658693f2a61704f17a36.sdkstatcache -Xcc -I/Users/runner/work/glance-HUD/glance-HUD/.build/DerivedData/simulator/Build/Intermediates.noindex/HUDApp.build/Release-iphonesimulator/HUDApp.build/swift-overrides.hmap -Xcc -iquote -Xcc /Users/runner/work/glance-HUD/glance-HUD/.build/DerivedData/simulator/Build/Intermediates.noindex/HUDApp.build/Release-iphonesimulator/HUDApp.build/HUDApp-generated-files.hmap -Xcc -I/Users/runner/work/glance-HUD/glance-HUD/.build/DerivedData/simulator/Build/Intermediates.noindex/HUDApp.build/Release-iphonesimulator/HUDApp.build/HUDApp-own-target-headers.hmap -Xcc -I/Users/runner/work/glance-HUD/glance-HUD/.build/DerivedData/simulator/Build/Intermediates.noindex/HUDApp.build/Release-iphonesimulator/HUDApp.build/HUDApp-all-target-headers.hmap -Xcc -iquote -Xcc /Users/runner/work/glance-HUD/glance-HUD/.build/DerivedData/simulator/Build/Intermediates.noindex/HUDApp.build/Release-iphonesimulator/HUDApp.build/HUDApp-project-headers.hmap -Xcc -I/Users/runner/work/glance-HUD/glance-HUD/.build/DerivedData/simulator/Build/Products/Release-iphonesimulator/include -Xcc -I/Users/runner/work/glance-HUD/glance-HUD/.build/DerivedData/simulator/Build/Intermediates.noindex/HUDApp.build/Release-iphonesimulator/HUDApp.build/DerivedSources-normal/arm64 -Xcc -I/Users/runner/work/glance-HUD/glance-HUD/.build/DerivedData/simulator/Build/Intermediates.noindex/HUDApp.build/Release-iphonesimulator/HUDApp.build/DerivedSources/arm64 -Xcc -I/Users/runner/work/glance-HUD/glance-HUD/.build/DerivedData/simulator/Build/Intermediates.noindex/HUDApp.build/Release-iphonesimulator/HUDApp.build/DerivedSources -no-auto-bridging-header-chaining -module-name HUDApp -frontend-parseable-output -disable-clang-spi -clang-target arm64-apple-ios26.5-simulator -target-sdk-version 26.5 -target-sdk-name iphonesimulator26.5 -in-process-plugin-server-path /Applications/Xcode_26.6.app/Contents/Developer/Toolchains/XcodeDefault.xctoolchain/usr/lib/swift/host/libSwiftInProcPluginServer.dylib -enable-default-cmo -num-threads 3 -o /Users/runner/work/glance-HUD/glance-HUD/.build/DerivedData/simulator/Build/Intermediates.noindex/HUDApp.build/Release-iphonesimulator/HUDApp.build/Objects-normal/arm64/BLELogEntry.o -o /Users/runner/work/glance-HUD/glance-HUD/.build/DerivedData/simulator/Build/Intermediates.noindex/HUDApp.build/Release-iphonesimulator/HUDApp.build/Objects-normal/arm64/BLEService.o -o /Users/runner/work/glance-HUD/glance-HUD/.build/DerivedData/simulator/Build/Intermediates.noindex/HUDApp.build/Release-iphonesimulator/HUDApp.build/Objects-normal/arm64/BLEViewModel.o -o /Users/runner/work/glance-HUD/glance-HUD/.build/DerivedData/simulator/Build/Intermediates.noindex/HUDApp.build/Release-iphonesimulator/HUDApp.build/Objects-normal/arm64/HomeView.o -o /Users/runner/work/glance-HUD/glance-HUD/.build/DerivedData/simulator/Build/Intermediates.noindex/HUDApp.build/Release-iphonesimulator/HUDApp.build/Objects-normal/arm64/HUDAppApp.o -o /Users/runner/work/glance-HUD/glance-HUD/.build/DerivedData/simulator/Build/Intermediates.noindex/HUDApp.build/Release-iphonesimulator/HUDApp.build/Objects-normal/arm64/HUDPacket.o -o /Users/runner/work/glance-HUD/glance-HUD/.build/DerivedData/simulator/Build/Intermediates.noindex/HUDApp.build/Release-iphonesimulator/HUDApp.build/Objects-normal/arm64/HUDBLEConstants.o -o /Users/runner/work/glance-HUD/glance-HUD/.build/DerivedData/simulator/Build/Intermediates.noindex/HUDApp.build/Release-iphonesimulator/HUDApp.build/Objects-normal/arm64/LocationService.o -o /Users/runner/work/glance-HUD/glance-HUD/.build/DerivedData/simulator/Build/Intermediates.noindex/HUDApp.build/Release-iphonesimulator/HUDApp.build/Objects-normal/arm64/WeatherService.o -o /Users/runner/work/glance-HUD/glance-HUD/.build/DerivedData/simulator/Build/Intermediates.noindex/HUDApp.build/Release-iphonesimulator/HUDApp.build/Objects-normal/arm64/WeatherSnapshot.o -o /Users/runner/work/glance-HUD/glance-HUD/.build/DerivedData/simulator/Build/Intermediates.noindex/HUDApp.build/Release-iphonesimulator/HUDApp.build/Objects-normal/arm64/GeneratedAssetSymbols.o -index-unit-output-path /HUDApp.build/Release-iphonesimulator/HUDApp.build/Objects-normal/arm64/BLELogEntry.o -index-unit-output-path /HUDApp.build/Release-iphonesimulator/HUDApp.build/Objects-normal/arm64/BLEService.o -index-unit-output-path /HUDApp.build/Release-iphonesimulator/HUDApp.build/Objects-normal/arm64/BLEViewModel.o -index-unit-output-path /HUDApp.build/Release-iphonesimulator/HUDApp.build/Objects-normal/arm64/HomeView.o -index-unit-output-path /HUDApp.build/Release-iphonesimulator/HUDApp.build/Objects-normal/arm64/HUDAppApp.o -index-unit-output-path /HUDApp.build/Release-iphonesimulator/HUDApp.build/Objects-normal/arm64/HUDPacket.o -index-unit-output-path /HUDApp.build/Release-iphonesimulator/HUDApp.build/Objects-normal/arm64/HUDBLEConstants.o -index-unit-output-path /HUDApp.build/Release-iphonesimulator/HUDApp.build/Objects-normal/arm64/LocationService.o -index-unit-output-path /HUDApp.build/Release-iphonesimulator/HUDApp.build/Objects-normal/arm64/WeatherService.o -index-unit-output-path /HUDApp.build/Release-iphonesimulator/HUDApp.build/Objects-normal/arm64/WeatherSnapshot.o -index-unit-output-path /HUDApp.build/Release-iphonesimulator/HUDApp.build/Objects-normal/arm64/GeneratedAssetSymbols.o
build-and-release	Build simulator and unsigned device artifacts	2026-07-24T14:58:58.5696750Z 
build-and-release	Build simulator and unsigned device artifacts	2026-07-24T14:58:58.5696990Z CompileSwift normal arm64 (in target 'HUDApp' from project 'HUDApp')
build-and-release	Build simulator and unsigned device artifacts	2026-07-24T14:58:58.5697340Z     cd /Users/runner/work/glance-HUD/glance-HUD
build-and-release	Build simulator and unsigned device artifacts	2026-07-24T14:58:58.5697550Z     
build-and-release	Build simulator and unsigned device artifacts	2026-07-24T14:58:58.5698350Z /Users/runner/work/glance-HUD/glance-HUD/HUDApp/Services/BLEService.swift:366:23: warning: conformance of 'BLEService' to protocol 'CBCentralManagerDelegate' crosses into main actor-isolated code and can cause data races; this is an error in the Swift 6 language mode
build-and-release	Build simulator and unsigned device artifacts	2026-07-24T14:58:58.5699260Z extension BLEService: CBCentralManagerDelegate {
build-and-release	Build simulator and unsigned device artifacts	2026-07-24T14:58:58.5699480Z                       ^
build-and-release	Build simulator and unsigned device artifacts	2026-07-24T14:58:58.5700710Z /Users/runner/work/glance-HUD/glance-HUD/HUDApp/Services/BLEService.swift:366:23: note: isolate this conformance to the main actor with '@MainActor'
build-and-release	Build simulator and unsigned device artifacts	2026-07-24T14:58:58.5701300Z extension BLEService: CBCentralManagerDelegate {
build-and-release	Build simulator and unsigned device artifacts	2026-07-24T14:58:58.5701540Z                       ^
build-and-release	Build simulator and unsigned device artifacts	2026-07-24T14:58:58.5701700Z                       @MainActor 
build-and-release	Build simulator and unsigned device artifacts	2026-07-24T14:58:58.5702230Z /Users/runner/work/glance-HUD/glance-HUD/HUDApp/Services/BLEService.swift:366:1: note: mark all declarations used in the conformance 'nonisolated'
build-and-release	Build simulator and unsigned device artifacts	2026-07-24T14:58:58.5702780Z extension BLEService: CBCentralManagerDelegate {
build-and-release	Build simulator and unsigned device artifacts	2026-07-24T14:58:58.5703000Z ^
build-and-release	Build simulator and unsigned device artifacts	2026-07-24T14:58:58.5703410Z /Users/runner/work/glance-HUD/glance-HUD/HUDApp/Services/BLEService.swift:366:23: note: turn data races into runtime errors with '@preconcurrency'
build-and-release	Build simulator and unsigned device artifacts	2026-07-24T14:58:58.5703960Z extension BLEService: CBCentralManagerDelegate {
build-and-release	Build simulator and unsigned device artifacts	2026-07-24T14:58:58.5704190Z                       ^
build-and-release	Build simulator and unsigned device artifacts	2026-07-24T14:58:58.5704350Z                       @preconcurrency 
build-and-release	Build simulator and unsigned device artifacts	2026-07-24T14:58:58.5704990Z /Users/runner/work/glance-HUD/glance-HUD/HUDApp/Services/BLEService.swift:367:10: note: main actor-isolated instance method 'centralManagerDidUpdateState' cannot satisfy nonisolated requirement
build-and-release	Build simulator and unsigned device artifacts	2026-07-24T14:58:58.5705730Z     func centralManagerDidUpdateState(_ central: CBCentralManager) {
build-and-release	Build simulator and unsigned device artifacts	2026-07-24T14:58:58.5706020Z          ^
build-and-release	Build simulator and unsigned device artifacts	2026-07-24T14:58:58.5706630Z /Users/runner/work/glance-HUD/glance-HUD/HUDApp/Services/BLEService.swift:392:10: note: main actor-isolated instance method 'centralManager(_:willRestoreState:)' cannot satisfy nonisolated requirement
build-and-release	Build simulator and unsigned device artifacts	2026-07-24T14:58:58.5707800Z     func centralManager(_ central: CBCentralManager, willRestoreState dict: [String : Any]) {
build-and-release	Build simulator and unsigned device artifacts	2026-07-24T14:58:58.5708150Z          ^
build-and-release	Build simulator and unsigned device artifacts	2026-07-24T14:58:58.5708810Z /Users/runner/work/glance-HUD/glance-HUD/HUDApp/Services/BLEService.swift:406:10: note: main actor-isolated instance method 'centralManager(_:didDiscover:advertisementData:rssi:)' cannot satisfy nonisolated requirement
build-and-release	Build simulator and unsigned device artifacts	2026-07-24T14:58:58.5709560Z     func centralManager(
build-and-release	Build simulator and unsigned device artifacts	2026-07-24T14:58:58.5709730Z          ^
build-and-release	Build simulator and unsigned device artifacts	2026-07-24T14:58:58.5710300Z /Users/runner/work/glance-HUD/glance-HUD/HUDApp/Services/BLEService.swift:430:10: note: main actor-isolated instance method 'centralManager(_:didConnect:)' cannot satisfy nonisolated requirement
build-and-release	Build simulator and unsigned device artifacts	2026-07-24T14:58:58.5711090Z     func centralManager(_ central: CBCentralManager, didConnect peripheral: CBPeripheral) {
build-and-release	Build simulator and unsigned device artifacts	2026-07-24T14:58:58.5711580Z          ^
build-and-release	Build simulator and unsigned device artifacts	2026-07-24T14:58:58.5712210Z /Users/runner/work/glance-HUD/glance-HUD/HUDApp/Services/BLEService.swift:440:10: note: main actor-isolated instance method 'centralManager(_:didFailToConnect:error:)' cannot satisfy nonisolated requirement
build-and-release	Build simulator and unsigned device artifacts	2026-07-24T14:58:58.5713120Z     func centralManager(_ central: CBCentralManager, didFailToConnect peripheral: CBPeripheral, error: Error?) {
build-and-release	Build simulator and unsigned device artifacts	2026-07-24T14:58:58.5713520Z          ^
build-and-release	Build simulator and unsigned device artifacts	2026-07-24T14:58:58.5714170Z /Users/runner/work/glance-HUD/glance-HUD/HUDApp/Services/BLEService.swift:450:10: note: main actor-isolated instance method 'centralManager(_:didDisconnectPeripheral:error:)' cannot satisfy nonisolated requirement
build-and-release	Build simulator and unsigned device artifacts	2026-07-24T14:58:58.5715120Z     func centralManager(_ central: CBCentralManager, didDisconnectPeripheral peripheral: CBPeripheral, error: Error?) {
build-and-release	Build simulator and unsigned device artifacts	2026-07-24T14:58:58.5715560Z          ^
build-and-release	Build simulator and unsigned device artifacts	2026-07-24T14:58:58.5716330Z /Users/runner/work/glance-HUD/glance-HUD/HUDApp/Services/BLEService.swift:473:23: warning: conformance of 'BLEService' to protocol 'CBPeripheralDelegate' crosses into main actor-isolated code and can cause data races; this is an error in the Swift 6 language mode
build-and-release	Build simulator and unsigned device artifacts	2026-07-24T14:58:58.5717220Z extension BLEService: CBPeripheralDelegate {
build-and-release	Build simulator and unsigned device artifacts	2026-07-24T14:58:58.5717440Z                       ^
build-and-release	Build simulator and unsigned device artifacts	2026-07-24T14:58:58.5717900Z /Users/runner/work/glance-HUD/glance-HUD/HUDApp/Services/BLEService.swift:473:23: note: isolate this conformance to the main actor with '@MainActor'
build-and-release	Build simulator and unsigned device artifacts	2026-07-24T14:58:58.5718440Z extension BLEService: CBPeripheralDelegate {
build-and-release	Build simulator and unsigned device artifacts	2026-07-24T14:58:58.5718640Z                       ^
build-and-release	Build simulator and unsigned device artifacts	2026-07-24T14:58:58.5718790Z                       @MainActor 
build-and-release	Build simulator and unsigned device artifacts	2026-07-24T14:58:58.5719270Z /Users/runner/work/glance-HUD/glance-HUD/HUDApp/Services/BLEService.swift:473:1: note: mark all declarations used in the conformance 'nonisolated'
build-and-release	Build simulator and unsigned device artifacts	2026-07-24T14:58:58.5719800Z extension BLEService: CBPeripheralDelegate {
build-and-release	Build simulator and unsigned device artifacts	2026-07-24T14:58:58.5720010Z ^
build-and-release	Build simulator and unsigned device artifacts	2026-07-24T14:58:58.5720440Z /Users/runner/work/glance-HUD/glance-HUD/HUDApp/Services/BLEService.swift:473:23: note: turn data races into runtime errors with '@preconcurrency'
build-and-release	Build simulator and unsigned device artifacts	2026-07-24T14:58:58.5720970Z extension BLEService: CBPeripheralDelegate {
build-and-release	Build simulator and unsigned device artifacts	2026-07-24T14:58:58.5721170Z                       ^
build-and-release	Build simulator and unsigned device artifacts	2026-07-24T14:58:58.5721330Z                       @preconcurrency 
build-and-release	Build simulator and unsigned device artifacts	2026-07-24T14:58:58.5721990Z /Users/runner/work/glance-HUD/glance-HUD/HUDApp/Services/BLEService.swift:474:10: note: main actor-isolated instance method 'peripheral(_:didDiscoverServices:)' cannot satisfy nonisolated requirement
build-and-release	Build simulator and unsigned device artifacts	2026-07-24T14:58:58.5722780Z     func peripheral(_ peripheral: CBPeripheral, didDiscoverServices error: Error?) {
build-and-release	Build simulator and unsigned device artifacts	2026-07-24T14:58:58.5723100Z          ^
build-and-release	Build simulator and unsigned device artifacts	2026-07-24T14:58:58.5723740Z /Users/runner/work/glance-HUD/glance-HUD/HUDApp/Services/BLEService.swift:495:10: note: main actor-isolated instance method 'peripheral(_:didDiscoverCharacteristicsFor:error:)' cannot satisfy nonisolated requirement
build-and-release	Build simulator and unsigned device artifacts	2026-07-24T14:58:58.5724710Z     func peripheral(_ peripheral: CBPeripheral, didDiscoverCharacteristicsFor service: CBService, error: Error?) {
build-and-release	Build simulator and unsigned device artifacts	2026-07-24T14:58:58.5725250Z          ^
build-and-release	Build simulator and unsigned device artifacts	2026-07-24T14:58:58.5725870Z /Users/runner/work/glance-HUD/glance-HUD/HUDApp/Services/BLEService.swift:553:10: note: main actor-isolated instance method 'peripheral(_:didUpdateValueFor:error:)' cannot satisfy nonisolated requirement
build-and-release	Build simulator and unsigned device artifacts	2026-07-24T14:58:58.5726770Z     func peripheral(_ peripheral: CBPeripheral, didUpdateValueFor characteristic: CBCharacteristic, error: Error?) {
build-and-release	Build simulator and unsigned device artifacts	2026-07-24T14:58:58.5727180Z          ^
build-and-release	Build simulator and unsigned device artifacts	2026-07-24T14:58:58.5727780Z /Users/runner/work/glance-HUD/glance-HUD/HUDApp/Services/BLEService.swift:529:10: note: main actor-isolated instance method 'peripheral(_:didWriteValueFor:error:)' cannot satisfy nonisolated requirement
build-and-release	Build simulator and unsigned device artifacts	2026-07-24T14:58:58.5729080Z     func peripheral(_ peripheral: CBPeripheral, didWriteValueFor characteristic: CBCharacteristic, error: Error?) {
build-and-release	Build simulator and unsigned device artifacts	2026-07-24T14:58:58.5729520Z          ^
build-and-release	Build simulator and unsigned device artifacts	2026-07-24T14:58:58.5730180Z /Users/runner/work/glance-HUD/glance-HUD/HUDApp/Services/BLEService.swift:519:10: note: main actor-isolated instance method 'peripheral(_:didUpdateNotificationStateFor:error:)' cannot satisfy nonisolated requirement
build-and-release	Build simulator and unsigned device artifacts	2026-07-24T14:58:58.5731440Z     func peripheral(_ peripheral: CBPeripheral, didUpdateNotificationStateFor characteristic: CBCharacteristic, error: Error?) {
build-and-release	Build simulator and unsigned device artifacts	2026-07-24T14:58:58.5731900Z          ^
build-and-release	Build simulator and unsigned device artifacts	2026-07-24T14:58:58.5732520Z /Users/runner/work/glance-HUD/glance-HUD/HUDApp/Services/BLEService.swift:568:10: note: main actor-isolated instance method 'peripheralIsReady(toSendWriteWithoutResponse:)' cannot satisfy nonisolated requirement
build-and-release	Build simulator and unsigned device artifacts	2026-07-24T14:58:58.5733350Z     func peripheralIsReady(toSendWriteWithoutResponse peripheral: CBPeripheral) {
build-and-release	Build simulator and unsigned device artifacts	2026-07-24T14:58:58.5733660Z          ^
build-and-release	Build simulator and unsigned device artifacts	2026-07-24T14:58:58.5734260Z /Users/runner/work/glance-HUD/glance-HUD/HUDApp/ViewModels/BLEViewModel.swift:28:34: error: call to main actor-isolated initializer 'init()' in a synchronous nonisolated context
build-and-release	Build simulator and unsigned device artifacts	2026-07-24T14:58:58.5734880Z         bleService: BLEService = BLEService(),
build-and-release	Build simulator and unsigned device artifacts	2026-07-24T14:58:58.5735100Z                                  ^
build-and-release	Build simulator and unsigned device artifacts	2026-07-24T14:58:58.5735660Z /Users/runner/work/glance-HUD/glance-HUD/HUDApp/Services/BLEService.swift:21:34: note: calls to initializer 'init()' from outside of its actor context are implicitly asynchronous
build-and-release	Build simulator and unsigned device artifacts	2026-07-24T14:58:58.5736300Z final class BLEService: NSObject {
build-and-release	Build simulator and unsigned device artifacts	2026-07-24T14:58:58.5736480Z                                  ^
build-and-release	Build simulator and unsigned device artifacts	2026-07-24T14:58:58.5737040Z /Users/runner/work/glance-HUD/glance-HUD/HUDApp/ViewModels/BLEViewModel.swift:30:44: error: call to main actor-isolated initializer 'init()' in a synchronous nonisolated context
build-and-release	Build simulator and unsigned device artifacts	2026-07-24T14:58:58.5737690Z         locationService: LocationService = LocationService()
build-and-release	Build simulator and unsigned device artifacts	2026-07-24T14:58:58.5737940Z                                            ^
build-and-release	Build simulator and unsigned device artifacts	2026-07-24T14:58:58.5738540Z /Users/runner/work/glance-HUD/glance-HUD/HUDApp/Services/LocationService.swift:30:14: note: calls to initializer 'init()' from outside of its actor context are implicitly asynchronous
build-and-release	Build simulator and unsigned device artifacts	2026-07-24T14:58:58.5739140Z     override init() {
build-and-release	Build simulator and unsigned device artifacts	2026-07-24T14:58:58.5739290Z              ^
build-and-release	Build simulator and unsigned device artifacts	2026-07-24T14:58:58.5740100Z /Users/runner/work/glance-HUD/glance-HUD/HUDApp/Services/LocationService.swift:75:28: warning: conformance of 'LocationService' to protocol 'CLLocationManagerDelegate' crosses into main actor-isolated code and can cause data races; this is an error in the Swift 6 language mode
build-and-release	Build simulator and unsigned device artifacts	2026-07-24T14:58:58.5741040Z extension LocationService: CLLocationManagerDelegate {
build-and-release	Build simulator and unsigned device artifacts	2026-07-24T14:58:58.5741280Z                            ^
build-and-release	Build simulator and unsigned device artifacts	2026-07-24T14:58:58.5741760Z /Users/runner/work/glance-HUD/glance-HUD/HUDApp/Services/LocationService.swift:75:28: note: isolate this conformance to the main actor with '@MainActor'
build-and-release	Build simulator and unsigned device artifacts	2026-07-24T14:58:58.5742320Z extension LocationService: CLLocationManagerDelegate {
build-and-release	Build simulator and unsigned device artifacts	2026-07-24T14:58:58.5742560Z                            ^
build-and-release	Build simulator and unsigned device artifacts	2026-07-24T14:58:58.5742720Z                            @MainActor 
build-and-release	Build simulator and unsigned device artifacts	2026-07-24T14:58:58.5743220Z /Users/runner/work/glance-HUD/glance-HUD/HUDApp/Services/LocationService.swift:75:1: note: mark all declarations used in the conformance 'nonisolated'
build-and-release	Build simulator and unsigned device artifacts	2026-07-24T14:58:58.5743880Z extension LocationService: CLLocationManagerDelegate {
build-and-release	Build simulator and unsigned device artifacts	2026-07-24T14:58:58.5744110Z ^
build-and-release	Build simulator and unsigned device artifacts	2026-07-24T14:58:58.5744550Z /Users/runner/work/glance-HUD/glance-HUD/HUDApp/Services/LocationService.swift:75:28: note: turn data races into runtime errors with '@preconcurrency'
build-and-release	Build simulator and unsigned device artifacts	2026-07-24T14:58:58.5745100Z extension LocationService: CLLocationManagerDelegate {
build-and-release	Build simulator and unsigned device artifacts	2026-07-24T14:58:58.5745340Z                            ^
build-and-release	Build simulator and unsigned device artifacts	2026-07-24T14:58:58.5745520Z                            @preconcurrency 
build-and-release	Build simulator and unsigned device artifacts	2026-07-24T14:58:58.5746230Z /Users/runner/work/glance-HUD/glance-HUD/HUDApp/Services/LocationService.swift:81:10: note: main actor-isolated instance method 'locationManager(_:didUpdateLocations:)' cannot satisfy nonisolated requirement
build-and-release	Build simulator and unsigned device artifacts	2026-07-24T14:58:58.5747090Z     func locationManager(_ manager: CLLocationManager, didUpdateLocations locations: [CLLocation]) {
build-and-release	Build simulator and unsigned device artifacts	2026-07-24T14:58:58.5747460Z          ^
build-and-release	Build simulator and unsigned device artifacts	2026-07-24T14:58:58.5748130Z /Users/runner/work/glance-HUD/glance-HUD/HUDApp/Services/LocationService.swift:92:10: note: main actor-isolated instance method 'locationManager(_:didFailWithError:)' cannot satisfy nonisolated requirement
build-and-release	Build simulator and unsigned device artifacts	2026-07-24T14:58:58.5748950Z     func locationManager(_ manager: CLLocationManager, didFailWithError error: Error) {
build-and-release	Build simulator and unsigned device artifacts	2026-07-24T14:58:58.5749270Z          ^
build-and-release	Build simulator and unsigned device artifacts	2026-07-24T14:58:58.5749890Z /Users/runner/work/glance-HUD/glance-HUD/HUDApp/Services/LocationService.swift:76:10: note: main actor-isolated instance method 'locationManagerDidChangeAuthorization' cannot satisfy nonisolated requirement
build-and-release	Build simulator and unsigned device artifacts	2026-07-24T14:58:58.5750700Z     func locationManagerDidChangeAuthorization(_ manager: CLLocationManager) {
build-and-release	Build simulator and unsigned device artifacts	2026-07-24T14:58:58.5751000Z          ^
build-and-release	Build simulator and unsigned device artifacts	2026-07-24T14:58:58.5751070Z 
build-and-release	Build simulator and unsigned device artifacts	2026-07-24T14:58:58.5751530Z SwiftExplicitDependencyGeneratePcm x86_64 /Users/runner/work/glance-HUD/glance-HUD/.build/DerivedData/simulator/ModuleCache.noindex/SwiftUI-BYZN15IPS6IXPS0Q5WR4W36DW.pcm
build-and-release	Build simulator and unsigned device artifacts	2026-07-24T14:58:58.5752070Z 
build-and-release	Build simulator and unsigned device artifacts	2026-07-24T14:58:58.5803840Z SwiftCompile normal x86_64 Compiling\ BLELogEntry.swift,\ BLEService.swift,\ BLEViewModel.swift,\ HomeView.swift,\ HUDAppApp.swift,\ HUDPacket.swift,\ HUDBLEConstants.swift,\ LocationService.swift,\ WeatherService.swift,\ WeatherSnapshot.swift,\ GeneratedAssetSymbols.swift /Users/runner/work/glance-HUD/glance-HUD/HUDApp/Models/BLELogEntry.swift /Users/runner/work/glance-HUD/glance-HUD/HUDApp/Services/BLEService.swift /Users/runner/work/glance-HUD/glance-HUD/HUDApp/ViewModels/BLEViewModel.swift /Users/runner/work/glance-HUD/glance-HUD/HUDApp/Views/HomeView.swift /Users/runner/work/glance-HUD/glance-HUD/HUDApp/HUDAppApp.swift /Users/runner/work/glance-HUD/glance-HUD/HUDApp/Models/HUDPacket.swift /Users/runner/work/glance-HUD/glance-HUD/HUDApp/Models/HUDBLEConstants.swift /Users/runner/work/glance-HUD/glance-HUD/HUDApp/Services/LocationService.swift /Users/runner/work/glance-HUD/glance-HUD/HUDApp/Services/WeatherService.swift /Users/runner/work/glance-HUD/glance-HUD/HUDApp/Models/WeatherSnapshot.swift /Users/runner/work/glance-HUD/glance-HUD/.build/DerivedData/simulator/Build/Intermediates.noindex/HUDApp.build/Release-iphonesimulator/HUDApp.build/DerivedSources/GeneratedAssetSymbols.swift /Applications/Xcode_26.6.app/Contents/Developer/Toolchains/XcodeDefault.xctoolchain/usr/lib/swift/iphonesimulator/prebuilt-modules/26.5/Combine.swiftmodule/x86_64-apple-ios-simulator.swiftmodule /Applications/Xcode_26.6.app/Contents/Developer/Toolchains/XcodeDefault.xctoolchain/usr/lib/swift/iphonesimulator/prebuilt-modules/26.5/Observation.swiftmodule/x86_64-apple-ios-simulator.swiftmodule /Applications/Xcode_26.6.app/Contents/Developer/Toolchains/XcodeDefault.xctoolchain/usr/lib/swift/iphonesimulator/prebuilt-modules/26.5/_DarwinFoundation2.swiftmodule/x86_64-apple-ios-simulator.swiftmodule /Applications/Xcode_26.6.app/Contents/Developer/Toolchains/XcodeDefault.xctoolchain/usr/lib/swift/iphonesimulator/prebuilt-modules/26.5/Dispatch.swiftmodule/x86_64-apple-ios-simulator.swiftmodule /Applications/Xcode_26.6.app/Contents/Developer/Toolchains/XcodeDefault.xctoolchain/usr/lib/swift/iphonesimulator/prebuilt-modules/26.5/CoreImage.swiftmodule/x86_64-apple-ios-simulator.swiftmodule /Applications/Xcode_26.6.app/Contents/Developer/Toolchains/XcodeDefault.xctoolchain/usr/lib/swift/iphonesimulator/prebuilt-modules/26.5/XPC.swiftmodule/x86_64-apple-ios-simulator.swiftmodule /Applications/Xcode_26.6.app/Contents/Developer/Toolchains/XcodeDefault.xctoolchain/usr/lib/swift/iphonesimulator/prebuilt-modules/26.5/CoreText.swiftmodule/x86_64-apple-ios-simulator.swiftmodule /Applications/Xcode_26.6.app/Contents/Developer/Toolchains/XcodeDefault.xctoolchain/usr/lib/swift/iphonesimulator/prebuilt-modules/26.5/os.swiftmodule/x86_64-apple-ios-simulator.swiftmodule /Applications/Xcode_26.6.app/Contents/Developer/Toolchains/XcodeDefault.xctoolchain/usr/lib/swift/iphonesimulator/prebuilt-modules/26.5/Spatial.swiftmodule/x86_64-apple-ios-simulator.swiftmodule /Applications/Xcode_26.6.app/Contents/Developer/Toolchains/XcodeDefault.xctoolchain/usr/lib/swift/iphonesimulator/prebuilt-modules/26.5/DeveloperToolsSupport.swiftmodule/x86_64-apple-ios-simulator.swiftmodule /Applications/Xcode_26.6.app/Contents/Developer/Toolchains/XcodeDefault.xctoolchain/usr/lib/swift/iphonesimulator/prebuilt-modules/26.5/CoreData.swiftmodule/x86_64-apple-ios-simulator.swiftmodule /Applications/Xcode_26.6.app/Contents/Developer/Toolchains/XcodeDefault.xctoolchain/usr/lib/swift/iphonesimulator/prebuilt-modules/26.5/SwiftUI.swiftmodule/x86_64-apple-ios-simulator.swiftmodule /Applications/Xcode_26.6.app/Contents/Developer/Toolchains/XcodeDefault.xctoolchain/usr/lib/swift/iphonesimulator/prebuilt-modules/26.5/DataDetection.swiftmodule/x86_64-apple-ios-simulator.swiftmodule /Applications/Xcode_26.6.app/Contents/Developer/Toolchains/XcodeDefault.xctoolchain/usr/lib/swift/iphonesimulator/prebuilt-modules/26.5/CoreFoundation.swiftmodule/x86_64-apple-ios-simulator.swiftmodule /Applications/Xcode_26.6.app/Contents/Developer/Toolchains/XcodeDefault.xctoolchain/usr/lib/swift/iphonesimulator/prebuilt-modules/26.5/Foundation.swiftmodule/x86_64-apple-ios-simulator.swiftmodule /Applications/Xcode_26.6.app/Contents/Developer/Toolchains/XcodeDefault.xctoolchain/usr/lib/swift/iphonesimulator/prebuilt-modules/26.5/FileProvider.swiftmodule/x86_64-apple-ios-simulator.swiftmodule /Applications/Xcode_26.6.app/Contents/Developer/Toolchains/XcodeDefault.xctoolchain/usr/lib/swift/iphonesimulator/prebuilt-modules/26.5/Symbols.swiftmodule/x86_64-apple-ios-simulator.swiftmodule /Applications/Xcode_26.6.app/Contents/Developer/Toolchains/XcodeDefault.xctoolchain/usr/lib/swift/iphonesimulator/prebuilt-modules/26.5/ObjectiveC.swiftmodule/x86_64-apple-ios-simulator.swiftmodule /Applications/Xcode_26.6.app/Contents/Developer/Toolchains/XcodeDefault.xctoolchain/usr/lib/swift/iphonesimulator/prebuilt-modules/26.5/_Concurrency.swiftmodule/x86_64-apple-ios-simulator.swiftmodule /Applications/Xcode_26.6.app/Contents/Developer/Toolchains/XcodeDefault.xctoolchain/usr/lib/swift/iphonesimulator/prebuilt-modules/26.5/CoreLocation.swiftmodule/x86_64-apple-ios-simulator.swiftmodule /Applications/Xcode_26.6.app/Contents/Developer/Toolchains/XcodeDefault.xctoolchain/usr/lib/swift/iphonesimulator/prebuilt-modules/26.5/CoreGraphics.swiftmodule/x86_64-apple-ios-simulator.swiftmodule /Applications/Xcode_26.6.app/Contents/Developer/Toolchains/XcodeDefault.xctoolchain/usr/lib/swift/iphonesimulator/prebuilt-modules/26.5/CoreVideo.swiftmodule/x86_64-apple-ios-simulator.swiftmodule /Applications/Xcode_26.6.app/Contents/Developer/Toolchains/XcodeDefault.xctoolchain/usr/lib/swift/iphonesimulator/prebuilt-modules/26.5/_DarwinFoundation1.swiftmodule/x86_64-apple-ios-simulator.swiftmodule /Applications/Xcode_26.6.app/Contents/Developer/Toolchains/XcodeDefault.xctoolchain/usr/lib/swift/iphonesimulator/prebuilt-modules/26.5/UniformTypeIdentifiers.swiftmodule/x86_64-apple-ios-simulator.swiftmodule /Applications/Xcode_26.6.app/Contents/Developer/Toolchains/XcodeDefault.xctoolchain/usr/lib/swift/iphonesimulator/prebuilt-modules/26.5/_DarwinFoundation3.swiftmodule/x86_64-apple-ios-simulator.swiftmodule /Applications/Xcode_26.6.app/Contents/Developer/Toolchains/XcodeDefault.xctoolchain/usr/lib/swift/iphonesimulator/prebuilt-modules/26.5/CoreTransferable.swiftmodule/x86_64-apple-ios-simulator.swiftmodule /Applications/Xcode_26.6.app/Contents/Developer/Toolchains/XcodeDefault.xctoolchain/usr/lib/swift/iphonesimulator/prebuilt-modules/26.5/System.swiftmodule/x86_64-apple-ios-simulator.swiftmodule /Applications/Xcode_26.6.app/Contents/Developer/Toolchains/XcodeDefault.xctoolchain/usr/lib/swift/iphonesimulator/prebuilt-modules/26.5/_Builtin_float.swiftmodule/x86_64-apple-ios-simulator.swiftmodule /Applications/Xcode_26.6.app/Contents/Developer/Toolchains/XcodeDefault.xctoolchain/usr/lib/swift/iphonesimulator/prebuilt-modules/26.5/Metal.swiftmodule/x86_64-apple-ios-simulator.swiftmodule /Applications/Xcode_26.6.app/Contents/Developer/Toolchains/XcodeDefault.xctoolchain/usr/lib/swift/iphonesimulator/prebuilt-modules/26.5/_StringProcessing.swiftmodule/x86_64-apple-ios-simulator.swiftmodule /Applications/Xcode_26.6.app/Contents/Developer/Toolchains/XcodeDefault.xctoolchain/usr/lib/swift/iphonesimulator/prebuilt-modules/26.5/QuartzCore.swiftmodule/x86_64-apple-ios-simulator.swiftmodule /Applications/Xcode_26.6.app/Contents/Developer/Toolchains/XcodeDefault.xctoolchain/usr/lib/swift/iphonesimulator/prebuilt-modules/26.5/Swift.swiftmodule/x86_64-apple-ios-simulator.swiftmodule /Applications/Xcode_26.6.app/Contents/Developer/Toolchains/XcodeDefault.xctoolchain/usr/lib/swift/iphonesimulator/prebuilt-modules/26.5/Accessibility.swiftmodule/x86_64-apple-ios-simulator.swiftmodule /Applications/Xcode_26.6.app/Contents/Developer/Toolchains/XcodeDefault.xctoolchain/usr/lib/swift/iphonesimulator/prebuilt-modules/26.5/SwiftUICore.swiftmodule/x86_64-apple-ios-simulator.swiftmodule /Applications/Xcode_26.6.app/Contents/Developer/Toolchains/XcodeDefault.xctoolchain/usr/lib/swift/iphonesimulator/prebuilt-modules/26.5/Darwin.swiftmodule/x86_64-apple-ios-simulator.swiftmodule /Applications/Xcode_26.6.app/Contents/Developer/Toolchains/XcodeDefault.xctoolchain/usr/lib/swift/iphonesimulator/prebuilt-modules/26.5/UIKit.swiftmodule/x86_64-apple-ios-simulator.swiftmodule /Applications/Xcode_26.6.app/Contents/Developer/Toolchains/XcodeDefault.xctoolchain/usr/lib/swift/iphonesimulator/prebuilt-modules/26.5/OSLog.swiftmodule/x86_64-apple-ios-simulator.swiftmodule /Applications/Xcode_26.6.app/Contents/Developer/Toolchains/XcodeDefault.xctoolchain/usr/lib/swift/iphonesimulator/prebuilt-modules/26.5/simd.swiftmodule/x86_64-apple-ios-simulator.swiftmodule /Users/runner/work/glance-HUD/glance-HUD/.build/DerivedData/simulator/ModuleCache.noindex/_SwiftConcurrencyShims-DJA0DYY8HQVNJZWX187O75XE8.pcm /Users/runner/work/glance-HUD/glance-HUD/.build/DerivedData/simulator/ModuleCache.noindex/IOSurface-8P8BSNRG38QFX5UEQFRVJ8FFL.pcm /Users/runner/work/glance-HUD/glance-HUD/.build/DerivedData/simulator/ModuleCache.noindex/simd-5VJCSFREY0T2VHWVK6SBF9ZYG.pcm /Users/runner/work/glance-HUD/glance-HUD/.build/DerivedData/simulator/ModuleCache.noindex/CoreData-3W3PWFREN06TCHFP3FPYANDD2.pcm /Users/runner/work/glance-HUD/glance-HUD/.build/DerivedData/simulator/ModuleCache.noindex/UIKit-2STF4ZY0B7BFR9XOQU14YE1HB.pcm /Users/runner/work/glance-HUD/glance-HUD/.build/DerivedData/simulator/ModuleCache.noindex/Foundation-3OLFRNZFBC514DE4DU6M2WKF4.pcm /Users/runner/work/glance-HUD/glance-HUD/.build/DerivedData/simulator/ModuleCache.noindex/UniformTypeIdentifiers-BF9GSTWNDGPW8HUPF1Z6JOXYJ.pcm /Users/runner/work/glance-HUD/glance-HUD/.build/DerivedData/simulator/ModuleCache.noindex/_Builtin_stdatomic-BK8LKTDC3GT7TW16FC0T77B8H.pcm /Users/runner/work/glance-HUD/glance-HUD/.build/DerivedData/simulator/ModuleCache.noindex/os_workgroup-5HZB216O3ST0NBIC75A941P9H.pcm /Users/runner/work/glance-HUD/glance-HUD/.build/DerivedData/simulator/ModuleCache.noindex/_DarwinFoundation2-6WLUK6KZHB7JAXWO5YI06ZGY2.pcm /Users/runner/work/glance-HUD/glance-HUD/.build/DerivedData/simulator/ModuleCache.noindex/DeveloperToolsSupport-CWW39OEQMMXO9URTNTZIH86ZD.pcm /Users/runner/work/glance-HUD/glance-HUD/.build/DerivedData/simulator/ModuleCache.noindex/os_object-78A0QV6JBEB1SJ6LDJ25847FF.pcm /Users/runner/work/glance-HUD/glance-HUD/.build/DerivedData/simulator/ModuleCache.noindex/Metal-7EM2QBB310NHB2GBRD3EVHUU9.pcm /Users/runner/work/glance-HUD/glance-HUD/.build/DerivedData/simulator/ModuleCache.noindex/os-3RZW55F78HKJJGK5ZMZNTDWU0.pcm /Users/runner/work/glance-HUD/glance-HUD/.build/DerivedData/simulator/ModuleCache.noindex/_DarwinFoundation3-15FHRRY70UZIBXWNU9QSHGBDB.pcm /Users/runner/work/glance-HUD/glance-HUD/.build/DerivedData/simulator/ModuleCache.noindex/ObjectiveC-37FBDRXF3369RAPR10NWLFXY5.pcm /Users/runner/work/glance-HUD/glance-HUD/.build/DerivedData/simulator/ModuleCache.noindex/CoreGraphics-9KMS5S2P1GUOP2H5BRGMM7E6M.pcm /Users/runner/work/glance-HUD/glance-HUD/.build/DerivedData/simulator/ModuleCache.noindex/Darwin-4C78NFORSJ0C9K2FITAOUAVDC.pcm /Users/runner/work/glance-HUD/glance-HUD/.build/DerivedData/simulator/ModuleCache.noindex/CoreText-H6I3ZI2JWSQJA6A2CCBAFLLU.pcm /Users/runner/work/glance-HUD/glance-HUD/.build/DerivedData/simulator/ModuleCache.noindex/CoreFoundation-6Z0VA4UYHUL4QCXRJHY2H12A9.pcm /Users/runner/work/glance-HUD/glance-HUD/.build/DerivedData/simulator/ModuleCache.noindex/QuartzCore-OV97F1E12GTBEANATOXYJVZA.pcm /Users/runner/work/glance-HUD/glance-HUD/.build/DerivedData/simulator/ModuleCache.noindex/ImageIO-ICR92OA4MKAOBYTEEBGKLAO6.pcm /Users/runner/work/glance-HUD/glance-HUD/.build/DerivedData/simulator/ModuleCache.noindex/XPC-CD8XNDJ1JJWBT9D4B2OQMSHFQ.pcm /Users/runner/work/glance-HUD/glance-HUD/.build/DerivedData/simulator/ModuleCache.noindex/DataDetection-8VB2TMO75HLT6N2DM2XO5WK67.pcm /Users/runner/work/glance-HUD/glance-HUD/.build/DerivedData/simulator/ModuleCache.noindex/CoreTransferable-7GVBWDRIVPKNSLCVLTA63LXQ3.pcm /Users/runner/work/glance-HUD/glance-HUD/.build/DerivedData/simulator/ModuleCache.noindex/CoreVideo-46HAANS00NTKH1EUY25090R9Q.pcm /Users/runner/work/glance-HUD/glance-HUD/.build/DerivedData/simulator/ModuleCache.noindex/CFNetwork-1M2Z1427JX0ZRE73SU19E739B.pcm /Users/runner/work/glance-HUD/glance-HUD/.build/DerivedData/simulator/ModuleCache.noindex/_Builtin_inttypes-B3KWD0RXZ0GJ6FCJFCT2N8ZBT.pcm /Users/runner/work/glance-HUD/glance-HUD/.build/DerivedData/simulator/ModuleCache.noindex/CoreBluetooth-EXJFH5GGQ5Y3KN6J0H7XW3WAU.pcm /Users/runner/work/glance-HUD/glance-HUD/.build/DerivedData/simulator/ModuleCache.noindex/_Builtin_tgmath-AXAIC27417EQSSUF6Y23VJ1HY.pcm /Users/runner/work/glance-HUD/glance-HUD/.build/DerivedData/simulator/ModuleCache.noindex/OSLog-7C1F9ZD90D7O7AY8BE0YXF2SZ.pcm /Users/runner/work/glance-HUD/glance-HUD/.build/DerivedData/simulator/ModuleCache.noindex/Dispatch-98EU8M69KO72TT5CZOBVNHZBA.pcm /Users/runner/work/glance-HUD/glance-HUD/.build/DerivedData/simulator/ModuleCache.noindex/MachO-LT2XJ6JIUA59BFBASB37UC7J.pcm /Users/runner/work/glance-HUD/glance-HUD/.build/DerivedData/simulator/ModuleCache.noindex/_Builtin_stdarg-9SHDH3XIRT4UT691S16LKV06Z.pcm /Users/runner/work/glance-HUD/glance-HUD/.build/DerivedData/simulator/ModuleCache.noindex/sys_types-ADAFR1M2GXI7LLFZF68S41998.pcm /Users/runner/work/glance-HUD/glance-HUD/.build/DerivedData/simulator/ModuleCache.noindex/_Builtin_stdbool-2V6I3XK00OISDQX57M5XL8WQB.pcm /Users/runner/work/glance-HUD/glance-HUD/.build/DerivedData/simulator/ModuleCache.noindex/_LocationEssentials-1TSU21F72AIY1XQMD9WLUV7YC.pcm /Users/runner/work/glance-HUD/glance-HUD/.build/DerivedData/simulator/ModuleCache.noindex/_AvailabilityInternal-D2B1JU67CCR12SY7M7H2FTEJZ.pcm /Users/runner/work/glance-HUD/glance-HUD/.build/DerivedData/simulator/ModuleCache.noindex/ptrauth-CLYA8MKIXD79P2GR5BXKM3BQI.pcm /Users/runner/work/glance-HUD/glance-HUD/.build/DerivedData/simulator/ModuleCache.noindex/Spatial-194IJVH1VQN6MHX6D17HNYXLA.pcm /Users/runner/work/glance-HUD/glance-HUD/.build/DerivedData/simulator/ModuleCache.noindex/_Builtin_float-695K051P6TQ1FXI5MHLFBQDUD.pcm /Users/runner/work/glance-HUD/glance-HUD/.build/DerivedData/simulator/ModuleCache.noindex/_DarwinFoundation1-4HMDVN5PD72KUGQRZNNA3EKDD.pcm /Users/runner/work/glance-HUD/glance-HUD/.build/DerivedData/simulator/ModuleCache.noindex/SwiftShims-5LMV6MP3UOKF59ND7OJOGBUOI.pcm /Users/runner/work/glance-HUD/glance-HUD/.build/DerivedData/simulator/ModuleCache.noindex/FileProvider-2KL3ILHGZK3XP1SUAU5NU5T34.pcm /Users/runner/work/glance-HUD/glance-HUD/.build/DerivedData/simulator/ModuleCache.noindex/Security-E2JGIADWO1KQOUSQB9Q4JKCNF.pcm /Users/runner/work/glance-HUD/glance-HUD/.build/DerivedData/simulator/ModuleCache.noindex/Accessibility-6ZIA9YK6CNBUGCF130E2TTPBW.pcm /Users/runner/work/glance-HUD/glance-HUD/.build/DerivedData/simulator/ModuleCache.noindex/_Builtin_stdint-3A14SLM21ZK8GA6XZD81PVJTX.pcm /Users/runner/work/glance-HUD/glance-HUD/.build/DerivedData/simulator/ModuleCache.noindex/_Builtin_limits-CJTAXJES2X6OAJ1865M33ZPHH.pcm /Users/runner/work/glance-HUD/glance-HUD/.build/DerivedData/simulator/ModuleCache.noindex/Symbols-6LN4FXKBUJUHODUTUW4CDSNH2.pcm /Users/runner/work/glance-HUD/glance-HUD/.build/DerivedData/simulator/ModuleCache.noindex/CoreLocation-CQXG3972H3RU0ZMJXE2GPRHRJ.pcm /Users/runner/work/glance-HUD/glance-HUD/.build/DerivedData/simulator/ModuleCache.noindex/UserNotifications-79SILKY0D4ELGT0S5CZHVCFEX.pcm /Users/runner/work/glance-HUD/glance-HUD/.build/DerivedData/simulator/ModuleCache.noindex/OpenGLES-2L2XFK832K3XU8ZTBKG0Y6H27.pcm /Users/runner/work/glance-HUD/glance-HUD/.build/DerivedData/simulator/ModuleCache.noindex/_Builtin_stddef-2OXHB7FZF1LDE0D9STTOBOVAT.pcm /Users/runner/work/glance-HUD/glance-HUD/.build/DerivedData/simulator/ModuleCache.noindex/CoreImage-3B321HSVEEX85J2WBJEPB7ZJJ.pcm /Users/runner/work/glance-HUD/glance-HUD/.build/DerivedData/simulator/ModuleCache.noindex/SwiftUICore-5VIT3HKC21U0IK2DN5QWND06S.pcm /Users/runner/work/glance-HUD/glance-HUD/.build/DerivedData/simulator/ModuleCache.noindex/SwiftUI-BYZN15IPS6IXPS0Q5WR4W36DW.pcm /Users/runner/work/glance-HUD/glance-HUD/.build/DerivedData/simulator/ModuleCache.noindex/UIUtilities-8RRJE20E5IL00YFVYDABX5A9K.pcm /Users/runner/work/glance-HUD/glance-HUD/.build/DerivedData/simulator/ModuleCache.noindex/ptrcheck-6HUFR68KFL3MO5TZT1LF0AFSX.pcm /Users/runner/work/glance-HUD/glance-HUD/.build/DerivedData/simulator/ModuleCache.noindex/_Builtin_intrinsics-A38ENUBJHDIZP7LTATZM3J73K.pcm /Users/runner/work/glance-HUD/glance-HUD/.build/DerivedData/simulator/Build/Intermediates.noindex/HUDApp.build/Release-iphonesimulator/HUDApp.build/Objects-normal/x86_64/HUDApp-dependencies-1.json (in target 'HUDApp' from project 'HUDApp')
build-and-release	Build simulator and unsigned device artifacts	2026-07-24T14:58:58.5865990Z CompileSwift normal x86_64 (in target 'HUDApp' from project 'HUDApp')
build-and-release	Build simulator and unsigned device artifacts	2026-07-24T14:58:58.5866380Z     cd /Users/runner/work/glance-HUD/glance-HUD
build-and-release	Build simulator and unsigned device artifacts	2026-07-24T14:58:58.5866590Z     
build-and-release	Build simulator and unsigned device artifacts	2026-07-24T14:58:58.5866660Z 
build-and-release	Build simulator and unsigned device artifacts	2026-07-24T14:58:58.5866830Z ** BUILD FAILED **
build-and-release	Build simulator and unsigned device artifacts	2026-07-24T14:58:58.5866920Z 
build-and-release	Build simulator and unsigned device artifacts	2026-07-24T14:58:58.5866920Z 
build-and-release	Build simulator and unsigned device artifacts	2026-07-24T14:58:58.5866990Z The following build commands failed:
build-and-release	Build simulator and unsigned device artifacts	2026-07-24T14:58:58.5924180Z 	SwiftCompile normal arm64 Compiling\ BLELogEntry.swift,\ BLEService.swift,\ BLEViewModel.swift,\ HomeView.swift,\ HUDAppApp.swift,\ HUDPacket.swift,\ HUDBLEConstants.swift,\ LocationService.swift,\ WeatherService.swift,\ WeatherSnapshot.swift,\ GeneratedAssetSymbols.swift /Users/runner/work/glance-HUD/glance-HUD/HUDApp/Models/BLELogEntry.swift /Users/runner/work/glance-HUD/glance-HUD/HUDApp/Services/BLEService.swift /Users/runner/work/glance-HUD/glance-HUD/HUDApp/ViewModels/BLEViewModel.swift /Users/runner/work/glance-HUD/glance-HUD/HUDApp/Views/HomeView.swift /Users/runner/work/glance-HUD/glance-HUD/HUDApp/HUDAppApp.swift /Users/runner/work/glance-HUD/glance-HUD/HUDApp/Models/HUDPacket.swift /Users/runner/work/glance-HUD/glance-HUD/HUDApp/Models/HUDBLEConstants.swift /Users/runner/work/glance-HUD/glance-HUD/HUDApp/Services/LocationService.swift /Users/runner/work/glance-HUD/glance-HUD/HUDApp/Services/WeatherService.swift /Users/runner/work/glance-HUD/glance-HUD/HUDApp/Models/WeatherSnapshot.swift /Users/runner/work/glance-HUD/glance-HUD/.build/DerivedData/simulator/Build/Intermediates.noindex/HUDApp.build/Release-iphonesimulator/HUDApp.build/DerivedSources/GeneratedAssetSymbols.swift /Applications/Xcode_26.6.app/Contents/Developer/Toolchains/XcodeDefault.xctoolchain/usr/lib/swift/iphonesimulator/prebuilt-modules/26.5/simd.swiftmodule/arm64-apple-ios-simulator.swiftmodule /Applications/Xcode_26.6.app/Contents/Developer/Toolchains/XcodeDefault.xctoolchain/usr/lib/swift/iphonesimulator/prebuilt-modules/26.5/_DarwinFoundation1.swiftmodule/arm64-apple-ios-simulator.swiftmodule /Applications/Xcode_26.6.app/Contents/Developer/Toolchains/XcodeDefault.xctoolchain/usr/lib/swift/iphonesimulator/prebuilt-modules/26.5/Symbols.swiftmodule/arm64-apple-ios-simulator.swiftmodule /Applications/Xcode_26.6.app/Contents/Developer/Toolchains/XcodeDefault.xctoolchain/usr/lib/swift/iphonesimulator/prebuilt-modules/26.5/CoreTransferable.swiftmodule/arm64-apple-ios-simulator.swiftmodule /Applications/Xcode_26.6.app/Contents/Developer/Toolchains/XcodeDefault.xctoolchain/usr/lib/swift/iphonesimulator/prebuilt-modules/26.5/SwiftUI.swiftmodule/arm64-apple-ios-simulator.swiftmodule /Applications/Xcode_26.6.app/Contents/Developer/Toolchains/XcodeDefault.xctoolchain/usr/lib/swift/iphonesimulator/prebuilt-modules/26.5/_DarwinFoundation2.swiftmodule/arm64-apple-ios-simulator.swiftmodule /Applications/Xcode_26.6.app/Contents/Developer/Toolchains/XcodeDefault.xctoolchain/usr/lib/swift/iphonesimulator/prebuilt-modules/26.5/_Builtin_float.swiftmodule/arm64-apple-ios-simulator.swiftmodule /Applications/Xcode_26.6.app/Contents/Developer/Toolchains/XcodeDefault.xctoolchain/usr/lib/swift/iphonesimulator/prebuilt-modules/26.5/Spatial.swiftmodule/arm64-apple-ios-simulator.swiftmodule /Applications/Xcode_26.6.app/Contents/Developer/Toolchains/XcodeDefault.xctoolchain/usr/lib/swift/iphonesimulator/prebuilt-modules/26.5/SwiftUICore.swiftmodule/arm64-apple-ios-simulator.swiftmodule /Applications/Xcode_26.6.app/Contents/Developer/Toolchains/XcodeDefault.xctoolchain/usr/lib/swift/iphonesimulator/prebuilt-modules/26.5/Swift.swiftmodule/arm64-apple-ios-simulator.swiftmodule /Applications/Xcode_26.6.app/Contents/Developer/Toolchains/XcodeDefault.xctoolchain/usr/lib/swift/iphonesimulator/prebuilt-modules/26.5/QuartzCore.swiftmodule/arm64-apple-ios-simulator.swiftmodule /Applications/Xcode_26.6.app/Contents/Developer/Toolchains/XcodeDefault.xctoolchain/usr/lib/swift/iphonesimulator/prebuilt-modules/26.5/os.swiftmodule/arm64-apple-ios-simulator.swiftmodule /Applications/Xcode_26.6.app/Contents/Developer/Toolchains/XcodeDefault.xctoolchain/usr/lib/swift/iphonesimulator/prebuilt-modules/26.5/UniformTypeIdentifiers.swiftmodule/arm64-apple-ios-simulator.swiftmodule /Applications/Xcode_26.6.app/Contents/Developer/Toolchains/XcodeDefault.xctoolchain/usr/lib/swift/iphonesimulator/prebuilt-modules/26.5/_StringProcessing.swiftmodule/arm64-apple-ios-simulator.swiftmodule /Applications/Xcode_26.6.app/Contents/Developer/Toolchains/XcodeDefault.xctoolchain/usr/lib/swift/iphonesimulator/prebuilt-modules/26.5/DataDetection.swiftmodule/arm64-apple-ios-simulator.swiftmodule /Applications/Xcode_26.6.app/Contents/Developer/Toolchains/XcodeDefault.xctoolchain/usr/lib/swift/iphonesimulator/prebuilt-modules/26.5/CoreGraphics.swiftmodule/arm64-apple-ios-simulator.swiftmodule /Applications/Xcode_26.6.app/Contents/Developer/Toolchains/XcodeDefault.xctoolchain/usr/lib/swift/iphonesimulator/prebuilt-modules/26.5/Dispatch.swiftmodule/arm64-apple-ios-simulator.swiftmodule /Applications/Xcode_26.6.app/Contents/Developer/Toolchains/XcodeDefault.xctoolchain/usr/lib/swift/iphonesimulator/prebuilt-modules/26.5/CoreData.swiftmodule/arm64-apple-ios-simulator.swiftmodule /Applications/Xcode_26.6.app/Contents/Developer/Toolchains/XcodeDefault.xctoolchain/usr/lib/swift/iphonesimulator/prebuilt-modules/26.5/Combine.swiftmodule/arm64-apple-ios-simulator.swiftmodule /Applications/Xcode_26.6.app/Contents/Developer/Toolchains/XcodeDefault.xctoolchain/usr/lib/swift/iphonesimulator/prebuilt-modules/26.5/FileProvider.swiftmodule/arm64-apple-ios-simulator.swiftmodule /Applications/Xcode_26.6.app/Contents/Developer/Toolchains/XcodeDefault.xctoolchain/usr/lib/swift/iphonesimulator/prebuilt-modules/26.5/ObjectiveC.swiftmodule/arm64-apple-ios-simulator.swiftmodule /Applications/Xcode_26.6.app/Contents/Developer/Toolchains/XcodeDefault.xctoolchain/usr/lib/swift/iphonesimulator/prebuilt-modules/26.5/CoreVideo.swiftmodule/arm64-apple-ios-simulator.swiftmodule /Applications/Xcode_26.6.app/Contents/Developer/Toolchains/XcodeDefault.xctoolchain/usr/lib/swift/iphonesimulator/prebuilt-modules/26.5/Observation.swiftmodule/arm64-apple-ios-simulator.swiftmodule /Applications/Xcode_26.6.app/Contents/Developer/Toolchains/XcodeDefault.xctoolchain/usr/lib/swift/iphonesimulator/prebuilt-modules/26.5/DeveloperToolsSupport.swiftmodule/arm64-apple-ios-simulator.swiftmodule /Applications/Xcode_26.6.app/Contents/Developer/Toolchains/XcodeDefault.xctoolchain/usr/lib/swift/iphonesimulator/prebuilt-modules/26.5/Darwin.swiftmodule/arm64-apple-ios-simulator.swiftmodule /Applications/Xcode_26.6.app/Contents/Developer/Toolchains/XcodeDefault.xctoolchain/usr/lib/swift/iphonesimulator/prebuilt-modules/26.5/Accessibility.swiftmodule/arm64-apple-ios-simulator.swiftmodule /Applications/Xcode_26.6.app/Contents/Developer/Toolchains/XcodeDefault.xctoolchain/usr/lib/swift/iphonesimulator/prebuilt-modules/26.5/System.swiftmodule/arm64-apple-ios-simulator.swiftmodule /Applications/Xcode_26.6.app/Contents/Developer/Toolchains/XcodeDefault.xctoolchain/usr/lib/swift/iphonesimulator/prebuilt-modules/26.5/OSLog.swiftmodule/arm64-apple-ios-simulator.swiftmodule /Applications/Xcode_26.6.app/Contents/Developer/Toolchains/XcodeDefault.xctoolchain/usr/lib/swift/iphonesimulator/prebuilt-modules/26.5/Foundation.swiftmodule/arm64-apple-ios-simulator.swiftmodule /Applications/Xcode_26.6.app/Contents/Developer/Toolchains/XcodeDefault.xctoolchain/usr/lib/swift/iphonesimulator/prebuilt-modules/26.5/CoreLocation.swiftmodule/arm64-apple-ios-simulator.swiftmodule /Applications/Xcode_26.6.app/Contents/Developer/Toolchains/XcodeDefault.xctoolchain/usr/lib/swift/iphonesimulator/prebuilt-modules/26.5/CoreFoundation.swiftmodule/arm64-apple-ios-simulator.swiftmodule /Applications/Xcode_26.6.app/Contents/Developer/Toolchains/XcodeDefault.xctoolchain/usr/lib/swift/iphonesimulator/prebuilt-modules/26.5/_DarwinFoundation3.swiftmodule/arm64-apple-ios-simulator.swiftmodule /Applications/Xcode_26.6.app/Contents/Developer/Toolchains/XcodeDefault.xctoolchain/usr/lib/swift/iphonesimulator/prebuilt-modules/26.5/Metal.swiftmodule/arm64-apple-ios-simulator.swiftmodule /Applications/Xcode_26.6.app/Contents/Developer/Toolchains/XcodeDefault.xctoolchain/usr/lib/swift/iphonesimulator/prebuilt-modules/26.5/CoreImage.swiftmodule/arm64-apple-ios-simulator.swiftmodule /Applications/Xcode_26.6.app/Contents/Developer/Toolchains/XcodeDefault.xctoolchain/usr/lib/swift/iphonesimulator/prebuilt-modules/26.5/UIKit.swiftmodule/arm64-apple-ios-simulator.swiftmodule /Applications/Xcode_26.6.app/Contents/Developer/Toolchains/XcodeDefault.xctoolchain/usr/lib/swift/iphonesimulator/prebuilt-modules/26.5/CoreText.swiftmodule/arm64-apple-ios-simulator.swiftmodule /Applications/Xcode_26.6.app/Contents/Developer/Toolchains/XcodeDefault.xctoolchain/usr/lib/swift/iphonesimulator/prebuilt-modules/26.5/XPC.swiftmodule/arm64-apple-ios-simulator.swiftmodule /Applications/Xcode_26.6.app/Contents/Developer/Toolchains/XcodeDefault.xctoolchain/usr/lib/swift/iphonesimulator/prebuilt-modules/26.5/_Concurrency.swiftmodule/arm64-apple-ios-simulator.swiftmodule /Users/runner/work/glance-HUD/glance-HUD/.build/DerivedData/simulator/ModuleCache.noindex/CoreData-CG8135HMRUEUY5AW6DPGDZ6XR.pcm /Users/runner/work/glance-HUD/glance-HUD/.build/DerivedData/simulator/ModuleCache.noindex/os_object-BBH2UF3WT2OOMSF2IV73XAPSR.pcm /Users/runner/work/glance-HUD/glance-HUD/.build/DerivedData/simulator/ModuleCache.noindex/CoreTransferable-97RZ1OUIWQTGEG7VX5NWSRLBS.pcm /Users/runner/work/glance-HUD/glance-HUD/.build/DerivedData/simulator/ModuleCache.noindex/Darwin-CR0SH9ZA770XQ721G8PAWYGVN.pcm /Users/runner/work/glance-HUD/glance-HUD/.build/DerivedData/simulator/ModuleCache.noindex/DeveloperToolsSupport-5RHJ3SY5XSLDPY65QMGH74JU5.pcm /Users/runner/work/glance-HUD/glance-HUD/.build/DerivedData/simulator/ModuleCache.noindex/os_workgroup-D1KCR2Z5NQ1JHPZBN5N4TPZM1.pcm /Users/runner/work/glance-HUD/glance-HUD/.build/DerivedData/simulator/ModuleCache.noindex/_Builtin_limits-9ZQT4NENH9O3WSNI8HTHNDO67.pcm /Users/runner/work/glance-HUD/glance-HUD/.build/DerivedData/simulator/ModuleCache.noindex/Security-8OHGG60CS4E509TH7CC6B2WF5.pcm /Users/runner/work/glance-HUD/glance-HUD/.build/DerivedData/simulator/ModuleCache.noindex/_Builtin_stdbool-BJL57JZD5FWQYRK4VHISW4HKJ.pcm /Users/runner/work/glance-HUD/glance-HUD/.build/DerivedData/simulator/ModuleCache.noindex/UIKit-6D4B0YNQVGIKUHWXLPM29BI2Q.pcm /Users/runner/work/glance-HUD/glance-HUD/.build/DerivedData/simulator/ModuleCache.noindex/OpenGLES-5EHQLPXZ3A39K0RLZ5QT8LAEN.pcm /Users/runner/work/glance-HUD/glance-HUD/.build/DerivedData/simulator/ModuleCache.noindex/_DarwinFoundation2-3SAZBA6ZLJK7B32CAD13EP861.pcm /Users/runner/work/glance-HUD/glance-HUD/.build/DerivedData/simulator/ModuleCache.noindex/_Builtin_stdatomic-B65QH3R7LT4I3DAMFEUEK2HEI.pcm /Users/runner/work/glance-HUD/glance-HUD/.build/DerivedData/simulator/ModuleCache.noindex/FileProvider-8QEX4YEMSCTFNIAR370QX9RIP.pcm /Users/runner/work/glance-HUD/glance-HUD/.build/DerivedData/simulator/ModuleCache.noindex/CoreImage-ER12PP9FC43MV47BB9T7XDKIC.pcm /Users/runner/work/glance-HUD/glance-HUD/.build/DerivedData/simulator/ModuleCache.noindex/Dispatch-BJBQKBCDGBTMCV27O5KUUYAOB.pcm /Users/runner/work/glance-HUD/glance-HUD/.build/DerivedData/simulator/ModuleCache.noindex/_DarwinFoundation1-ADIFBQQNHKP83FU4UJ5SCFJCJ.pcm /Users/runner/work/glance-HUD/glance-HUD/.build/DerivedData/simulator/ModuleCache.noindex/_Builtin_tgmath-BZYZL43XQIWEN2OTLYHGKR301.pcm /Users/runner/work/glance-HUD/glance-HUD/.build/DerivedData/simulator/ModuleCache.noindex/os-3AF6C37K9AH7WSJ2VRNOGY85N.pcm /Users/runner/work/glance-HUD/glance-HUD/.build/DerivedData/simulator/ModuleCache.noindex/ptrauth-AGNUL7DDLA1OYZNJXCA3M2JLE.pcm /Users/runner/work/glance-HUD/glance-HUD/.build/DerivedData/simulator/ModuleCache.noindex/OSLog-IPSDQQQONI6T6FI80HXSATZ5.pcm /Users/runner/work/glance-HUD/glance-HUD/.build/DerivedData/simulator/ModuleCache.noindex/ImageIO-3RJ9XM1S9TEVUQQ1UJ23ZFM3I.pcm /Users/runner/work/glance-HUD/glance-HUD/.build/DerivedData/simulator/ModuleCache.noindex/ObjectiveC-B2FCIOFKW1FSG54SQ6Z6TOQUT.pcm /Users/runner/work/glance-HUD/glance-HUD/.build/DerivedData/simulator/ModuleCache.noindex/simd-AQR3HEP09MYFEOR3SZROTVZR.pcm /Users/runner/work/glance-HUD/glance-HUD/.build/DerivedData/simulator/ModuleCache.noindex/SwiftUICore-BCOH44N6WXFR5YKIV1UND97OA.pcm /Users/runner/work/glance-HUD/glance-HUD/.build/DerivedData/simulator/ModuleCache.noindex/UniformTypeIdentifiers-8QJF098Y1ORMIHU8JOIYVLOM7.pcm /Users/runner/work/glance-HUD/glance-HUD/.build/DerivedData/simulator/ModuleCache.noindex/QuartzCore-A2OFCXDRA0H7QAJN9NZPELGYF.pcm /Users/runner/work/glance-HUD/glance-HUD/.build/DerivedData/simulator/ModuleCache.noindex/CoreGraphics-EB6134BFMY1P7XU9VVL117IRH.pcm /Users/runner/work/glance-HUD/glance-HUD/.build/DerivedData/simulator/ModuleCache.noindex/_DarwinFoundation3-3C6JEGGY4K5S3VR10TNVP333T.pcm /Users/runner/work/glance-HUD/glance-HUD/.build/DerivedData/simulator/ModuleCache.noindex/DataDetection-E1R3GBQ3SB2F94ABFM40OA2O0.pcm /Users/runner/work/glance-HUD/glance-HUD/.build/DerivedData/simulator/ModuleCache.noindex/_Builtin_stdint-8XEKNBS609XKPYND9NSTT4FJ3.pcm /Users/runner/work/glance-HUD/glance-HUD/.build/DerivedData/simulator/ModuleCache.noindex/CFNetwork-DEPP0B23JU9G7XONUIEKBLZ39.pcm /Users/runner/work/glance-HUD/glance-HUD/.build/DerivedData/simulator/ModuleCache.noindex/Spatial-2E3Z1OICJV01JC8HV7UB16995.pcm /Users/runner/work/glance-HUD/glance-HUD/.build/DerivedData/simulator/ModuleCache.noindex/_Builtin_inttypes-ARQ3L3B5X36K6MGCU4JG4GDKL.pcm /Users/runner/work/glance-HUD/glance-HUD/.build/DerivedData/simulator/ModuleCache.noindex/UserNotifications-40M8FHF3HUG0C3U7SGAV6587S.pcm /Users/runner/work/glance-HUD/glance-HUD/.build/DerivedData/simulator/ModuleCache.noindex/_LocationEssentials-C6W10MHPVYCC66WQBO5P5KQBH.pcm /Users/runner/work/glance-HUD/glance-HUD/.build/DerivedData/simulator/ModuleCache.noindex/Metal-BQC67FVLI4ZIG3MMBMGXKOWBK.pcm /Users/runner/work/glance-HUD/glance-HUD/.build/DerivedData/simulator/ModuleCache.noindex/CoreLocation-63B6Z3BFIJCJ3VNNWLU10KCDQ.pcm /Users/runner/work/glance-HUD/glance-HUD/.build/DerivedData/simulator/ModuleCache.noindex/CoreBluetooth-2R14EV2I55MHE178P9H5BU7F0.pcm /Users/runner/work/glance-HUD/glance-HUD/.build/DerivedData/simulator/ModuleCache.noindex/_SwiftConcurrencyShims-DLIWQOY794GNGTH43S4J3ON2S.pcm /Users/runner/work/glance-HUD/glance-HUD/.build/DerivedData/simulator/ModuleCache.noindex/_Builtin_stdarg-2P3M51J1030THV6SLQNKTPV61.pcm /Users/runner/work/glance-HUD/glance-HUD/.build/DerivedData/simulator/ModuleCache.noindex/CoreFoundation-1U5TUVNK65J9XUE2E2GSYJXLQ.pcm /Users/runner/work/glance-HUD/glance-HUD/.build/DerivedData/simulator/ModuleCache.noindex/_AvailabilityInternal-E3T4IIILL1PXXYMP2JWS4SG5R.pcm /Users/runner/work/glance-HUD/glance-HUD/.build/DerivedData/simulator/ModuleCache.noindex/SwiftUI-7EESTEDSFAACR0YUNL8TJOVQ6.pcm /Users/runner/work/glance-HUD/glance-HUD/.build/DerivedData/simulator/ModuleCache.noindex/UIUtilities-VVTCH1IN4Q6SFR8SFILC11P9.pcm /Users/runner/work/glance-HUD/glance-HUD/.build/DerivedData/simulator/ModuleCache.noindex/MachO-12141XJUA56RFMQ8TTCC0E2KK.pcm /Users/runner/work/glance-HUD/glance-HUD/.build/DerivedData/simulator/ModuleCache.noindex/IOSurface-4O392MUCED1GPVF1QDI395F6G.pcm /Users/runner/work/glance-HUD/glance-HUD/.build/DerivedData/simulator/ModuleCache.noindex/_Builtin_float-53EQA17836PEAK93Z4T8JLSK7.pcm /Users/runner/work/glance-HUD/glance-HUD/.build/DerivedData/simulator/ModuleCache.noindex/XPC-DUYER0EWDGWCAUV825CQ6LTXY.pcm /Users/runner/work/glance-HUD/glance-HUD/.build/DerivedData/simulator/ModuleCache.noindex/Foundation-1BGFXNS2RDXJR8EP1UX3UHMW3.pcm /Users/runner/work/glance-HUD/glance-HUD/.build/DerivedData/simulator/ModuleCache.noindex/Accessibility-9DZFA0Y5M5LO8YEP6OFN4HE52.pcm /Users/runner/work/glance-HUD/glance-HUD/.build/DerivedData/simulator/ModuleCache.noindex/sys_types-DHAMTOVNZSVOH8ETBEGD2PAMR.pcm /Users/runner/work/glance-HUD/glance-HUD/.build/DerivedData/simulator/ModuleCache.noindex/_Builtin_stddef-EYDXMLC6TJZGPU2V4AQ94SCWE.pcm /Users/runner/work/glance-HUD/glance-HUD/.build/DerivedData/simulator/ModuleCache.noindex/CoreVideo-AJNLCL4ZZ7SVRN1YPIW6K3DX1.pcm /Users/runner/work/glance-HUD/glance-HUD/.build/DerivedData/simulator/ModuleCache.noindex/SwiftShims-4GXV6NON9SZCC3H0WLSNWKFLA.pcm /Users/runner/work/glance-HUD/glance-HUD/.build/DerivedData/simulator/ModuleCache.noindex/CoreText-197PSAJLTOHDPMUX6NY6W5RXR.pcm /Users/runner/work/glance-HUD/glance-HUD/.build/DerivedData/simulator/ModuleCache.noindex/Symbols-Q247ZVX0FN79A99MTJDLTJU9.pcm /Users/runner/work/glance-HUD/glance-HUD/.build/DerivedData/simulator/ModuleCache.noindex/_Builtin_intrinsics-4XM1A7IYGHIYTV0Q8ZEPJ4XO0.pcm /Users/runner/work/glance-HUD/glance-HUD/.build/DerivedData/simulator/ModuleCache.noindex/ptrcheck-7MQ0P4SJRUQ4O2EM9W051RZ7Z.pcm /Users/runner/work/glance-HUD/glance-HUD/.build/DerivedData/simulator/Build/Intermediates.noindex/HUDApp.build/Release-iphonesimulator/HUDApp.build/Objects-normal/arm64/HUDApp-dependencies-2.json (in target 'HUDApp' from project 'HUDApp')
build-and-release	Build simulator and unsigned device artifacts	2026-07-24T14:58:58.5986690Z 	CompileSwift normal arm64 (in target 'HUDApp' from project 'HUDApp')
build-and-release	Build simulator and unsigned device artifacts	2026-07-24T14:58:58.5989100Z 	Building project HUDApp with scheme HUDApp and configuration Release
build-and-release	Build simulator and unsigned device artifacts	2026-07-24T14:58:58.5990690Z (3 failures)
build-and-release	Build simulator and unsigned device artifacts	2026-07-24T14:58:58.6008300Z ##[error]Process completed with exit code 65.
build-and-release	Post Checkout repository	?2026-07-24T14:58:58.6314180Z Node 20 is being deprecated. This workflow is running with Node 24 by default. If you need to temporarily use Node 20, you can set the ACTIONS_ALLOW_USE_UNSECURE_NODE_VERSION=true environment variable. For more information see: https://github.blog/changelog/2025-09-19-deprecation-of-node-20-on-github-actions-runners/
build-and-release	Post Checkout repository	2026-07-24T14:58:58.6316860Z Post job cleanup.
build-and-release	Post Checkout repository	2026-07-24T14:58:59.0422920Z [command]/opt/homebrew/bin/git version
build-and-release	Post Checkout repository	2026-07-24T14:58:59.0712430Z git version 2.55.0
build-and-release	Post Checkout repository	2026-07-24T14:58:59.0730470Z Copying '/Users/runner/.gitconfig' to '/Users/runner/work/_temp/0cafe1b1-c66f-4fd1-9154-3462194ec0cf/.gitconfig'
build-and-release	Post Checkout repository	2026-07-24T14:58:59.0737720Z Temporarily overriding HOME='/Users/runner/work/_temp/0cafe1b1-c66f-4fd1-9154-3462194ec0cf' before making global git config changes
build-and-release	Post Checkout repository	2026-07-24T14:58:59.0738640Z Adding repository directory to the temporary git global config as a safe directory
build-and-release	Post Checkout repository	2026-07-24T14:58:59.0740600Z [command]/opt/homebrew/bin/git config --global --add safe.directory /Users/runner/work/glance-HUD/glance-HUD
build-and-release	Post Checkout repository	2026-07-24T14:58:59.0881930Z [command]/opt/homebrew/bin/git config --local --name-only --get-regexp core\.sshCommand
build-and-release	Post Checkout repository	2026-07-24T14:58:59.0951800Z [command]/opt/homebrew/bin/git submodule foreach --recursive sh -c "git config --local --name-only --get-regexp 'core\.sshCommand' && git config --local --unset-all 'core.sshCommand' || :"
build-and-release	Post Checkout repository	2026-07-24T14:58:59.2435800Z [command]/opt/homebrew/bin/git config --local --name-only --get-regexp http\.https\:\/\/github\.com\/\.extraheader
build-and-release	Post Checkout repository	2026-07-24T14:58:59.2497700Z http.https://github.com/.extraheader
build-and-release	Post Checkout repository	2026-07-24T14:58:59.2586260Z [command]/opt/homebrew/bin/git config --local --unset-all http.https://github.com/.extraheader
build-and-release	Post Checkout repository	2026-07-24T14:58:59.2592230Z [command]/opt/homebrew/bin/git submodule foreach --recursive sh -c "git config --local --name-only --get-regexp 'http\.https\:\/\/github\.com\/\.extraheader' && git config --local --unset-all 'http.https://github.com/.extraheader' || :"
build-and-release	Post Checkout repository	2026-07-24T14:58:59.3587550Z [command]/opt/homebrew/bin/git config --local --name-only --get-regexp ^includeIf\.gitdir:
build-and-release	Post Checkout repository	2026-07-24T14:58:59.3658020Z [command]/opt/homebrew/bin/git submodule foreach --recursive git config --local --show-origin --name-only --get-regexp remote.origin.url
build-and-release	Complete job	?2026-07-24T14:58:59.5304890Z Cleaning up orphan processes
build-and-release	Complete job	2026-07-24T14:58:59.5661030Z Terminate orphan process: pid (1930) (ibtoold)
build-and-release	Complete job	2026-07-24T14:58:59.5993980Z Terminate orphan process: pid (1834) (ibtoold)
build-and-release	Complete job	2026-07-24T14:59:00.3345140Z ##[warning]Node.js 20 is deprecated. The following actions target Node.js 20 but are being forced to run on Node.js 24: actions/checkout@v4. For more information see: https://github.blog/changelog/2025-09-19-deprecation-of-node-20-on-github-actions-runners/
